PC1,PC2,PC3,PC4,PC5,PC6,PC7,PC8,PC9,PC10,PC11,PC12,PC13,PC14,PC15,PC16,PC17,PC18,PC19,PC20,PC21,PC22,PC23,PC24,PC25,PC26,PC27,PC28,PC29,PC30,PC31,PC32,PC33,PC34,PC35,PC36,PC37,PC38,PC39,PC40,PC41,PC42,PC43,PC44,PC45,PC46,PC47,PC48,PC49,PC50,PC51,PC52,PC53,PC54,PC55,PC56,PC57,PC58,PC59,PC60,PC61,PC62,PC63,PC64,PC65,PC66,PC67,PC68,PC69,PC70,author
0.2558832229468415,-2.7572338596400137,-0.8406089269305012,4.2260394185651435,3.580825055156044,7.879027981598481,-0.7483360937980443,-2.742007701469412,3.4836689564478043,-1.1075784090437912,-1.6136427189881855,1.5207723874573407,2.708562355262968,1.22532631589509,-0.03224604628872568,3.0379423215810872,1.27124190832313,-0.989945174599285,-0.29499579416588545,-0.3541941155495504,0.06503756932626398,0.15071201632593023,0.6026500136800392,-0.07222168747431922,-0.6094550629934092,0.9258461213485624,-0.2654105643114344,0.35964651627015803,0.7772984445117747,0.8794940827913474,-0.43636927324222463,0.10017497480474974,0.28948010029019877,0.5406016273199422,0.8384489262734351,0.05115489561956324,0.3101655422244644,-0.04627876157647598,-0.06055773068193662,-0.5558861928215635,-0.004454850758547568,0.39402432475378524,-0.013611759202571155,0.3481239245572116,-0.09225048472418407,-0.18398907854465207,0.2305515079342857,0.14334016945077419,0.16198394815317196,-0.041913216942752685,-0.044395244764930286,0.09669568716110266,0.012127772517490198,0.11707927463905893,0.012271017925850614,0.2717949397004362,-0.16576277318365196,-0.05915682490080315,0.12293036708768157,-0.03826139692418851,0.11197793833287942,0.05902616844555186,-0.08092411313467918,-0.017665688324096873,0.02691131455542406,0.03333153153780566,0.010285068207801062,-0.014407651733430171,0.009545718931270208,3.4052621833424723e-15,AH
-5.333327781603315,4.41925268068823,0.10284827917521505,-1.8596032690198019,0.3850997374511317,2.7702022452239516,-2.0546454969414287,0.31033873491074887,-3.1218854746057625,-0.5096869362615911,-1.1776711168343301,-2.8651213666164597,0.6273767250555801,0.6798111544314199,-3.2253291407792313,-0.020611537081669767,0.3745959633399086,-1.4640735889061327,1.031844856985822,0.09889100125295314,-1.3384896931837587,1.5427624286053176,-0.7922539146712321,-0.01729436087128047,0.160390414882496,-1.1166301823918439,-1.0305715197194134,-0.36391812133771884,-0.7262434340610913,0.1795308815566793,-0.2753510460552324,0.666181356791076,-0.5670214786851365,-0.6744319874238394,-0.5936680675242254,-0.9525211053970974,0.22636079856072905,-0.6338407606064008,0.38757729555846726,0.11811050856274188,0.9721124309196043,0.9782557449738647,-0.5222194529053259,0.5437985904917463,0.17070442638560618,0.34645418275757583,-0.9502987401318491,0.028945307498934328,0.004547208525864139,-0.27939293813575045,-0.1201398696935748,-0.0759451412789118,0.34998201411629354,-0.19534190035026294,-0.2000120762434894,-0.06898320130467372,-0.2828619449374146,0.03188214248085411,0.13320900902099092,0.10887081061018979,0.2361433299040182,-0.03434528287536215,0.03982616570646316,0.003252025494622432,-0.012676549664117671,0.05219550817768345,-0.03267632239141173,-0.007711532538280202,0.004830340947466996,1.2796838241846409e-15,JJ
-7.933305504036943,-1.9018706651206387,-2.066128556332451,0.17151723261567325,0.4442835272914787,-0.8895381453082384,2.738539462069483,1.4827922239930011,1.3635795021765134,1.7092162342156059,-2.10582414569851,0.784837077577226,-1.7154194778359846,-0.8872464272751145,1.860775264203355,2.2513463925161226,-0.7727041051384724,0.8168387923036263,1.3439279955545536,0.7610566476091956,0.15527562352327334,0.8588046080058547,1.7340343958502638,1.2322456142502647,-0.0014612818387967266,-1.147985006768724,-0.34241366003639256,-0.9517255519093433,1.3076927820873856,-2.255528482820585,-0.22087038872834475,0.6704313892683489,-0.3623145856637329,0.8219505747333042,0.16062200085020112,-0.4753455388561028,-0.6658898331022147,0.6187331145778994,0.21487857851190997,-0.06429098507356189,-0.9569912889256742,-0.18875555265850327,-0.031121587204593515,0.2622394546558808,0.14928584485335558,0.11753445660199777,-0.8998314770117182,-0.02506738875551759,-0.2709217151221694,-0.053454393652499065,0.434385259536927,0.11575738331858554,0.19829269595796684,0.05298977402097181,-0.4218555523886885,0.12645669411882132,0.04091709916658311,-0.05280038904328317,0.010229692097205194,0.06812037833899522,-0.0050548884971794595,0.08832589673788611,-0.10946665615359027,-0.07013076983330142,0.05316441045659639,0.031196848480804656,-0.03344022911017179,0.006984957874337578,0.009121384213081424,-1.7179183423032818e-15,JJ
-10.132732693912532,-3.0148503556256414,-0.7665878124144712,0.22148782489497396,0.3884974591933227,-0.8280264243834216,-1.4414854897819083,2.2645057214360165,-0.6777889243055806,-1.1425917950392375,0.21732664498049348,1.4110635713070037,-1.7113079455412066,5.128344251239341,0.7954635952742929,0.5648171958627133,0.39515357659655675,0.5954482749514594,0.4712699803627211,0.3001730638609693,0.8180575884822711,-0.23442902744286442,-0.037461470376718015,-0.2904053207100746,0.5966916472623144,0.6846778027651254,-0.6282930164414091,-0.9723758895344751,-0.5226528085393831,1.2711949350532863,-0.4203877599530327,-0.45187800133754646,-0.027989983759635587,-0.8929499435417952,0.20440117340612843,0.6093044970364953,-0.4099258331589634,-0.8380733449861826,-0.28325721778154156,0.8012175031166382,0.7681146830611638,-0.28764545054677854,0.31438853601375444,-0.20148268042768203,-0.12076875267448929,-0.6524391147110032,0.3294510962197329,0.11533859336444237,-0.0032298171695634027,0.3161339815743994,0.2589512625732827,0.03340816457572712,-0.34701850723631106,-0.11585723692519069,0.3308042769423771,-0.03121448556196396,-0.08799181558865742,0.14449361609409545,-0.21779077472929734,-0.12969111957412868,-0.02805986738833642,-0.07457282465571115,0.08534479060588919,-0.13649945029793445,0.016560592493232787,-0.0024620152966869265,0.013353054357551047,-0.042880744899221654,-0.0032730308954576903,-3.870601755773251e-17,JJ
-8.922168848017234,-2.224717639649705,3.7828864416886674,-0.0805818826159026,-0.18791476401496815,0.1863732808236077,-3.194438682893835,-4.563181068135645,-0.31642284493866646,-0.06600411088946624,-2.291217251619421,-1.3835882884951765,-0.39274233476319015,-1.2300967282249018,0.7570931405683518,-1.5919985776122956,0.294159653779564,-0.5486099456625185,0.8759480936168094,-0.06736314541650903,-0.5982933971280526,0.9268161573486734,-0.08923083338232383,-0.5013343683120656,-1.0041880700366663,0.17458701317084188,2.0272359799366924,0.15905806695439215,-0.01238092114687342,-0.19203876164941627,1.3515550692614335,0.022624219552924096,0.6900519457554024,0.28580522717162254,-1.0571400645552538,0.05987194568710176,7.010221080058533e-4,0.537086614388422,0.014600628366768932,-0.18326137588850988,-0.8638994870650196,-0.07218870314159936,-0.36939254192651,-0.22387974545893533,-0.1094981359533927,0.45210058050460633,0.7368218296429259,-0.47208571820186224,0.5588436742562033,0.4266020336380795,-0.14470019965997882,-0.07192769501510553,-0.07824675395232619,-0.016156487050592055,0.18269948339054864,-0.20057140689703618,0.26222860782279456,-0.06083354135188376,0.20186627142226066,-0.04742668682382445,-0.024086973794379685,-0.10659686797637488,-0.10315219478199233,-0.0029111347211872585,-0.0735796373226979,-0.05831365406943359,0.02179443750230292,0.0041813086290601875,-0.011980374330841426,-6.210310043996969e-16,JJ
-0.664084131556861,3.305069721387285,3.1938284120549905,1.004539127061052,1.497993377342658,1.685115945801453,0.7869314371620731,2.86870170516384,-0.6102768425734284,-0.7183969809686989,-0.7068589167605255,-0.32698588388000377,-3.215462578443253,-0.06587396753104915,-0.2773223598298438,-0.8845571351992472,-0.9237001729012836,1.2311580501795434,-1.913939869595609,-0.9330913976716908,0.04540500158248425,0.5516745116573235,1.0767315799956623,-0.14162624785224193,-1.3215486377002148,1.0375662618379395,-2.1169234525335425,0.08319935733267787,0.27362959217806504,-0.38503589426348755,1.330083898114667,0.8136627364510264,0.20909251371325524,0.7996742380509845,0.49057164718019086,0.8109978976461333,0.5599867411452215,-0.09376322992202744,0.7971788810412703,-1.5387553683587485,0.6806130558264767,-0.17539899191813058,0.7475474964698882,0.07425821668342648,-0.2519872750927267,0.296880167562057,0.20832993594657173,-0.5186942925307856,-0.559289100136295,-0.1889098204296189,-0.27992891961817606,-0.3831384287710815,-0.13490569520118317,-0.11348019976080449,0.3412711996089935,0.0654166152066233,0.3072393984798398,-0.20297215771731955,0.21535204978753023,-0.15694885967281683,-0.033171184849746335,-0.17799621322404124,0.02635560477952456,-0.05986702036530632,0.01429562860802143,0.06236803661993265,-0.0038359861267485418,0.025367504776298334,-0.0026008329604864378,1.3907061266471565e-15,AH
1.1403762938403723,1.8897431342827853,5.25083182849786,-1.6629599404445152,1.6993216197339678,-0.4124360849958302,-0.6241991434333253,-0.8328432742969005,0.6482186333801672,0.9725308030299371,1.8545856992547154,0.19842144639555842,-0.6292446889700337,-0.4218915108417104,0.8364568243839282,0.7007268376584537,1.7564077785414856,1.0671110467094087,-0.7452765232988496,0.10326795180040843,-0.40476712580814467,0.6182090143353406,-0.4669820214726574,-0.673841532290512,-0.8311793702249216,0.8814307559535448,0.3803250113418716,-0.00788773256167043,-0.5312496686269842,-0.6411754432412691,-0.3475484924334721,0.06219522287636732,1.1045090143855634,0.38833772053150084,0.5943469142532423,0.9061791572230681,0.5583598891813919,0.11034033172230857,-0.006469630902392604,0.1675416930160504,-0.9139007129760579,0.49920223382274204,-0.9547342850060418,0.01191358407206008,-0.8841654294848157,-0.892575945971585,-0.9379725744000682,0.7188639535684622,-0.8894221551346103,0.7122251421447456,0.4600247725642733,0.27552971853536307,0.01994078297170049,-0.23690682922951756,-0.014623804172057924,-0.3694793631788802,-0.3694482128764595,0.005700612070694774,-0.11314064906803503,-0.08728264526227333,0.05862958561038493,-0.10990283769656121,0.05730753448648728,-0.01551728389695417,-0.13177374731426644,0.07042090482912125,-0.006952739557860854,0.005950986333962061,-0.008291440009301425,1.1686615217221252e-15,AH
0.3584013882980333,1.2317247775486957,2.3615943793722236,0.8182556651741602,1.9550482448389486,-1.5304875871307728,-1.062442899357339,1.153950426684947,-0.388856633800441,-1.7584721297837065,0.14294971890587527,1.801213766728154,-1.1152732934208869,-0.997981896020996,-0.27320795800088593,0.5215638406068263,0.25370110097520665,0.41020099219485245,-0.07331394557721167,0.6687142660016213,0.09251485854427377,-0.1724680757221543,0.970039940324159,-1.0698486544416572,1.6161374378079323,-0.5138412126767895,-0.5137734033829913,0.08048731539832982,0.9241717157458876,0.678506996017002,-1.0750013746303848,0.7521011532977404,0.5076327317286181,-0.37484879924064746,-1.183917433158213,-0.6289425978158921,-0.42372485714598923,1.0454714023108784,-0.14041738117629834,0.4271196790841207,-0.6625322687964172,0.02277985290970794,-0.4481201712580017,1.0535109721637739,0.21642218913260047,-0.5619658064037257,1.1686102867644492,-0.26640355169096636,-0.059738126481681045,-0.6045730130473206,0.033900939245015985,-0.49485556694794985,0.21694833841073205,0.543100924679677,0.10179023599308509,-0.012599480992204953,-0.11916970578908205,0.459964918778424,0.14528807323134257,0.07273060419068678,-0.0012305374427252994,0.027370658059285145,0.08202148584567545,0.10959739655188756,-0.11780391106056726,0.1537473753695039,-0.015049651679366574,0.02390947504428945,-0.012266835485889145,-4.827952274077951e-16,AH
0.14088467473270874,4.29456130176665,2.1660780665657993,0.5626325386393342,-0.004672430483928153,0.6816737162104037,0.30781177597348697,1.427078742149617,-0.037950944586318244,-1.751991589032751,-0.27228169599380025,-1.1599485762846897,-0.5270890534452437,0.754839223674775,0.16567562286212445,0.18174557409498537,-0.504705531613964,0.08850391484288693,0.5705389416767471,0.315197423895887,-0.6694925381022095,1.2315657069960664,0.5893794529281672,-1.097144857848104,-0.41462856088246136,-0.6929947555280249,-1.5862014339552897,1.6854510351735188,0.6278835349948608,0.24231592686568604,-1.5776348562042106,-0.6468935841053517,-0.26335788807513527,0.8274612633190952,-0.88358025482225,0.5138675378502516,0.7424157621815548,0.36772638895410237,0.2353945773563866,1.2204937710052584,-1.046299087682198,0.3785853038123463,0.4369553432016929,-1.1516775713163905,0.1458351490389282,-0.48298255738161805,-0.10125170800862002,0.7055530234172362,0.26141452184082253,-0.32586586408365353,-0.21302057264436042,0.26708185118011235,0.11698145435315738,0.03132178657924302,0.19415257795196303,0.2585821672868866,0.28301781112745933,-0.0026044240607616988,-0.03070624436941595,0.1298352458215173,-0.22001838088958306,0.01788756606090206,-0.2482753322649459,0.04979737824327768,-0.02254113445337913,-0.15028463559381747,0.025934689707198894,-0.062688694512612,0.007393095631461663,-1.1211734665672601e-15,AH
-2.03572281736542,-0.31633593612080807,-1.0259448224454197,1.8206460275648684,1.2429923327236387,-0.6404556577534307,0.8607306485007538,-0.9083411762089343,-2.0414635104811714,-0.7389306655958877,-0.5421800171484925,2.0993139764287347,-0.42688730130373786,0.17320720139997328,-1.6234154764959785,-1.4086154407582139,-1.5511809630481057,0.6157835481878079,-1.1605009045453787,0.33175008200014156,0.8529402857275286,-1.0715332502624189,0.0463709168816355,0.9894729355563655,0.1124893241138287,0.8463207931113568,-0.2623767918553458,0.36829940302348646,-0.8893808919263408,1.1684275299872435,0.5756473862019306,-0.8742398612698332,0.21342717135768685,0.8685717383811049,-0.9942994574198002,1.1635888962980045,-0.7934760956345488,1.1572686875857021,0.025941201209169172,-0.7035318307090396,0.5296760732420994,0.08079486283695766,-0.26577397359013527,0.5955292440041228,0.540005301000068,-0.5578003863305898,-0.36990420321108003,0.07229174028704986,0.05699642010779181,0.038649113535905284,0.17931803173389171,0.7050858361332372,0.07053992835857423,-0.5207338746075116,-0.5267755306868703,0.27502602573694956,-0.07067251094033065,-0.05380515988838236,0.125845520787616,-0.03664039060271398,-0.06401618754958172,0.08318942645557649,0.02277260937660895,0.30264470386845066,-0.13530619390609394,-0.09844107377581453,-0.023450344750678725,0.013147324133969341,0.008830849115765607,-4.966730152156096e-16,JM
-0.6376663585334911,-1.4565788278030967,3.7883003209983013,0.35540894139745,-0.2513043612420849,-0.3610041817951568,-3.5137347546981346,0.56911050103088,1.439755043647632,0.5318308244053991,-1.0144932222243574,1.0218366617545542,-2.942182291667397,-0.7820207368374997,2.0134079877591256,0.07167286536478881,-0.6963740708251734,-0.9474399258346631,-0.5574817127405439,-1.9918606436610593,0.7079720716953027,-1.630024597299788,-1.890003717056587,0.5935938909903337,0.6593604824029647,-0.3461838585994654,-0.40745385041007187,2.0124806456605144,-1.5325631652283178,4.814333165856664e-4,0.23043857411943736,-0.13705199119892994,-0.42834420717096133,-0.8159622049978942,0.4588350984424811,-1.1360344388501789,0.5582008260708904,-0.7402396675869132,-1.2232406797232607,-0.01736256482458183,-0.12076783851761294,-0.33169673361489843,0.6220729647710465,0.11003116709471096,-0.2613399378743337,-0.1197170035674702,-0.14499161686499695,-0.09682619603138544,-0.39445844477279063,-0.007949531445879711,-0.22895418890096736,0.435101295086595,0.5156809587541326,0.05182944516649268,-0.13628724708215148,0.24092249323194714,0.0701717309175681,-0.07328387713069448,0.06909267130047506,0.3329478098324949,0.18494261908967052,0.15503461687977763,-0.14456093778197804,0.07221950533661149,0.05672900798096731,0.03531711794074265,-0.03935661922610753,-0.00923536526310378,-0.0032320083760241994,-9.546400128734867e-16,AH
1.392538104132141,-0.17137839308865854,1.8085598981365718,1.1923838083617178,1.7135213597140555,-1.0005856154113908,-2.129271513459481,1.82211637121803,-2.5471726650889828,0.4309353357828373,-1.1698743487232843,0.8172831206955424,0.5872015628419355,-2.515073277270647,0.3089468852943364,0.15258312738911844,-0.7787458939200878,-1.7432200976367118,-0.7717042370932534,0.8412855540670067,-0.5269402695581207,1.1258462615441194,0.24905721778426082,-1.5798890401784171,-0.2923061890471877,1.184147768992248,0.29419592658062915,-0.18843198691326649,0.8276327347926787,0.04873859627884145,-0.06464590221742991,-1.4532578583453244,-0.03722570244848572,-0.4486773598693502,0.9178069514573794,0.6101754026669253,-0.49961534293074616,0.45278208388259256,-0.6331999388742169,0.8540900467796747,0.2239860790760736,0.42450075179345625,0.9282040329692041,0.3160935054090969,-0.2592140578576842,0.4490249619941664,-0.1743678924658814,-0.17678410722927793,0.632810898169696,-0.6900067990300768,0.40865534657444363,0.4127779017936961,-0.5966846775865653,-0.00522872647656991,-0.41331316038798505,-0.18084637157943095,-0.18592747012419825,-0.25588778134916945,-0.22809104079013412,-0.077041073418111,-0.0128949501932127,-0.19802543427762334,-0.08980599277882931,-0.03209722356917119,0.14129375289173587,0.05293512482211927,-0.031290587619213536,0.004341775780822708,-0.025991108097601287,1.224172672953383e-15,AH
-2.132165132351104,-6.97473916939276,4.044743302217945,4.795251575878142,-6.3122852144949375,0.8888183898387308,-2.326695006465494,1.9578915614525774,-0.06489626811131702,-2.1135737099502956,2.7952649978391286,0.4377173767771108,1.918116286668149,-2.2230409180623565,-1.7330963320718813,-1.4328713118198642,1.5308264078790907,1.9419973650715687,0.5908768281623568,0.07479741189153669,0.3853911104626871,-0.5370749133125887,-0.29303044067877315,0.055265217296009,-0.6278400647432032,-0.22262236992839105,-0.7526212290280992,-0.37553343508099707,0.2935438899152853,-1.3154966983532699,-0.303526036945398,-0.6606926513805668,-0.2011962503791038,0.6643447991466126,0.28408648045156454,0.27055291806418047,0.3619975760202557,-0.18612897591695635,0.3342131477220037,0.4638397144707941,0.35816161222293036,0.22407366105406798,-0.31158780133713615,-0.06769284272436778,0.2486101075172622,0.20593793817771594,-0.15300801695214492,0.04758050394348633,-0.36936499935145234,-0.3799000590757421,0.013919022805158734,-0.1918104861510358,0.0703209597237823,0.050470773590779575,-0.09507730348845178,0.13612559871555718,-0.08180367075715171,0.019754671123565975,0.056885365048762515,-0.012752783749355394,-0.03749333427237096,0.011718283230560449,0.06343293741911173,0.03963765580769271,0.04145717930150207,-0.0012147403648400147,0.020321574920846935,0.010888632384704517,0.009815795301918714,-1.662407191072024e-15,AH
-1.017369379134081,1.678196314837203,-1.3516720313674229,2.2041354441942844,2.951174254037465,1.9132251904515614,-0.15203076972894325,-1.6005986261656417,0.6411859443600851,0.9386694949988462,1.681099502917575,1.3353679013583006,-0.20955166958379445,0.3318743622010959,-0.8378509242838381,1.2359106299929936,-1.87404226451387,1.6628535920542427,1.307628968214129,-0.13985673551642527,-0.4519067088562125,-1.4235616556255164,-2.542204047729607,-0.9742458481144581,-0.26283750376506837,-1.144005412920578,0.6349544784150489,-0.5123290688383351,-0.43885733303690366,-0.9323607218733356,1.4199245739204276,0.7069060415673616,0.34536336171177995,-0.6234582188000157,-0.5740344780061661,-0.009414837621729927,0.17400752032377756,0.15425124466024426,-0.2935504624383534,0.5256485682301804,-0.4593074640975878,0.3559363447278203,0.1424131367653868,-0.5096328745260118,-0.12678385413150361,-0.4546107108389909,-0.1930079438758402,0.015298672848867906,-0.32030851154547063,-0.718222391932317,-0.9079671520617524,-0.4359391128672172,-0.37945708020591706,-0.08988702156264386,-0.36011057924420453,0.015437539253488952,0.07899015106824822,0.058103445079342675,-0.2248909181744364,-0.13657854177455864,-0.29954312149808293,-0.07030673663875639,0.16174296391955878,-0.01818877919443901,0.07949785767708806,-0.05490996315442698,-0.04397509313604564,0.043401638251950814,-0.008768328522066215,2.463307335887066e-16,JM
2.7460616603532686,0.09323557616883721,1.337037237525723,2.022772143623509,2.41634635798565,0.17313935155329105,-2.4947111264503596,2.170778060659867,0.460478293603078,2.6454589165512465,-1.9345048915354524,0.22647465202177666,0.7129653880035817,1.2826728655335538,0.4782237212686882,-0.9901353470691242,0.7509139931742664,1.0509341140333552,-1.2231654457207952,-1.816739553761759,-1.4980888291602683,-0.5195448158445678,1.4614954506448037,1.5822805213153122,1.4841746869159598,-1.807290779671839,0.06634418088733024,1.3854809269695216,-0.8501876467082093,-0.48940017562975935,0.8769121206716828,-0.18090507208224682,-0.6803965136006132,-0.5207638825004309,1.0896509930454499,0.1294958309245562,-0.6605452452591369,0.15726789834458538,1.4608862110660412,0.9267595041122485,-0.0827423864924827,-0.21479608468010658,-0.5576162491180074,-0.3158762785848562,0.4129884032701065,0.10837687310016797,-0.3115796405318775,-0.2810311709071998,0.4709244727684713,0.2829928009490113,-0.17790105584711177,-0.20983036137508673,-0.37045670453677026,0.11214104381731255,-0.3256120784247195,-0.13144256705178398,-0.10135907160442197,0.16980561434138952,0.07278388177150848,-0.16029422288833423,-0.025827506640814537,-0.03724136061606635,0.021359232657021415,0.009230516527228214,-0.07356341009112097,-0.006783235706259119,0.09092956240451569,-0.02246336654741661,4.4441164140959777e-4,7.327038281657039e-16,AH
1.3468310413521207,-1.0930502952119505,2.176380006781238,-2.539383825588258,0.5970997314841932,-0.8812868806264115,-0.1696134662619222,-0.26465995690763044,1.0797942374671057,-0.6506520708578326,0.45992358334325095,0.16198596378479352,1.311036809020761,0.9491462686083896,3.263619287776133,1.8257226123147037,0.22614259964439273,-0.31226605507142463,1.537163829140661,0.985265112644998,-2.544484238940599,0.7406343963474871,-0.30056312815087705,-1.4364508628346586,0.202245809266552,-0.8206933910891104,0.5176990512461382,0.5449614740155492,-1.7908259797895945,-0.46290396923478394,-1.102405348783225,-0.8967358219316715,0.8858136321578036,0.2734342947758482,-0.603363451055121,0.2963805743706206,-0.10172970570457308,0.010895225318305118,1.4994875813282857,-0.9205588101436725,1.501629235159212,-0.35094561963694887,0.1533279189110306,-0.017130283641034756,0.05638128878042442,0.49315104883751515,0.012435295262123294,-0.6013269318300305,-0.42078994279698384,-0.15024819565822267,0.3035530658011417,0.25750148062894385,-0.14633399089790367,0.33428627834360286,-0.03866300513166937,0.21309846937325527,0.15647083976644502,-0.032724975916459426,0.015927570183367795,0.06651833975983737,-0.16987377321024705,0.11041692319540057,0.20933003509904433,0.10706328625911603,0.023183679841222687,-0.03239533707571993,-0.05029319519544034,-0.0020130566865134945,0.001424644472352618,8.078390387189494e-16,AH
0.9453056837483292,0.21010445810059242,4.277337203453993,2.0957171501725753,2.9686046023347608,0.3514704554203013,1.5147965387123128,-1.5613745963237722,-1.891620780437831,0.10442669268245958,-1.0530480507720723,-2.0096117393518482,-0.279204897344718,1.2073527423543882,-0.2883955628655767,-0.40452532668440727,0.922893945887178,0.02521913399500779,-2.2877069187058545,-0.14019902854919813,0.9761899373817338,-0.8412420066286125,-0.18175522623687848,0.08176921456902227,-0.5032947647651063,-1.6753094604868008,1.2270452121641418,-0.823224366904708,0.8583745412487841,-0.3892770882993899,-0.49232299469806207,-0.2687407973681,-1.0138021406415532,0.02619514707209577,-0.327431731843544,-0.35024045979261514,-0.5419146812198514,-0.19258048591724847,-0.6843281123256505,-0.3140766852355546,0.40739518919786183,-0.09610762063495254,0.034710068255908604,0.39084294914573936,0.689418276463942,0.19058300984373108,-0.06707993038570567,0.17007689595228978,-0.4897716030035899,-0.19234825303660924,0.5803281222052502,-0.05735656154829368,0.4045340175043058,0.2147871178400492,0.3022770987646365,0.06929495984916854,-0.13932425968417844,-0.2952379673698926,-0.3304758508779264,0.21001543660794794,-0.26531314071113654,0.19100019215782643,0.14762765743953274,-0.12435092127895744,0.031740463366830736,-0.11248000189557483,0.08078031379791241,0.03158119834431805,-0.02510472060608808,-1.0517845275281879e-15,AH
3.0142153369802944,-0.18192707559559412,0.45892071249872485,1.345646303480948,-1.8015281294016203,-1.4280862194905906,-1.181309300477311,2.5335784531771472,-0.1316655054662704,3.3648208017621224,-0.43863614461717076,0.5953683841772647,0.5672820820259711,0.3545899095618369,0.6887103164315155,2.255182190368556,-1.016442884307841,0.7954582770082634,-0.7814083848305365,-0.10987945774782817,-0.8154947030882266,-0.4799275641012135,-1.1114097396768634,-1.3136376376373176,-1.3560318998124232,0.38308044625266463,-0.35482793068530505,-0.6672352490169002,0.8805732071803378,0.8676026957338809,0.9452147718584651,0.4878590404908464,-0.012167615027460566,1.37205970206459,-1.3004659579275464,-1.3102016552604883,-0.7296985053511665,-0.14779022113513496,-0.2641458737764268,-0.8267937088472055,0.4956295817848157,0.2743136726636523,-1.1982202159648172,-1.088349414123391,0.5778567290070249,-0.12141306949988728,0.4220017629095397,-0.23431278793845742,0.1380325705185932,-0.023710912262126134,0.2783562058238808,-0.10368018108616583,-0.13513519592105325,-0.30640050293947585,0.017082014882440908,0.08363273016276275,-0.2533527027209795,0.051649951759200605,-0.04527858162023943,0.20526667004265475,0.23973711565165157,-0.042366041610335636,-0.12412861714273196,-0.10335329311742025,-0.03181613847702314,-0.02285653475911424,-0.016638781544179623,-0.07760265622605234,-0.009742418555580126,1.55723958034093e-15,AH
1.785755643015148,0.3794257259840568,0.9243202452132775,-0.41027319053450156,0.024650105765190528,-0.17517933635158156,-1.1938303204272414,0.6740222859549927,-0.961174419866735,-0.19506102826818328,-1.4155096820611117,1.0125968222185266,1.1453838844692927,-0.19158868281850103,0.2274261450845388,0.0701461536821606,-0.6695319245245134,-0.49936572664787754,-0.3849191363336793,-0.26025398974286523,1.377541836413375,-0.10251998443686505,0.06011032978441376,-0.8911328717628209,-0.46552131692378756,-0.7809945045568437,-0.12812195746614433,0.5876986323331046,0.5921303807660109,-0.14268477632780102,-0.24318204225916634,1.3683678200736293,-0.7876147451351568,0.3212668844321576,-0.09664867978083232,0.5366452769439184,0.029229487874842197,-0.5974779916478001,-0.4953674770202031,-0.007545802285723589,0.08032422897377822,-0.7235795675300709,-0.2552260926833085,0.2536453798273099,-0.4213286663900933,-0.16727816071817816,-0.28153776590357876,-0.022660262538495207,0.08502002165658774,0.016098347350556257,0.39580176226621483,0.09811440767993429,-0.20526005000083947,0.18334285654986665,0.23928983891648228,-0.6801917160934372,-0.055336393458148794,0.46987279837013446,0.443602561698784,-0.32175330388852114,0.119193928390048,0.16640638054580104,0.05577917633769918,-0.024920632631827727,0.1356026002042286,-0.2277936311265627,-0.08213465192808196,0.05775876768879322,0.028214416766019684,1.6946079955948434e-16,AH
1.6998757947310097,-1.4529970965970835,-1.795661283837279,1.6902154770953663,3.6325037014199006,-1.0396668824690143,0.6053535117346794,1.341652299496233,0.6685117681488928,-2.023021789951791,1.4492368024511313,-1.249061400821375,-0.0971095251595013,-0.1295255432612908,0.6529148959409946,-1.9026701409527167,0.5342282370133241,-1.5959726056711048,0.4305648758985455,0.7644195784126933,1.777015596345745,1.8472112600902186,-2.604667994023028,0.2941254819146183,-0.9955619628142433,-1.5741811082357138,-0.7301214974550961,-0.02278566654309032,-0.826437913718201,-0.2096066042178893,-0.6600114775205718,-0.5970401018601107,0.38429832906118266,0.22222374653597793,0.8425044474603277,0.674715702390069,-1.9918989877374098,0.584530594161651,-0.48461574504820515,-0.6406123750643851,-0.4148976191024666,0.7811439579198005,-0.10529880089637017,-0.7608508256553825,0.5580820407810486,0.1534669064238579,0.015402037906847063,-0.181321499343262,-0.021013098076872586,0.6526760269221359,-0.14929807973454323,-0.331864352295678,0.10928920733571496,-0.0997825055640504,0.029578205644570147,0.0025670628392265096,0.14731740631914267,0.27339440324833775,0.22424285919711187,-0.07830199812080318,0.10280459691677922,0.0706585846686354,-0.05046984682371523,-0.010753442701109048,0.08868981173112525,0.07147912113429646,-0.005562494423435177,-0.004257801932206134,-0.008368501151472085,-7.187176201406409e-16,AH
0.6888432805242121,0.029422806395396725,2.436446994258246,-3.9207191179954455,0.9866414464650703,-0.417562746478274,-2.7159077150491653,-0.3241393986728581,2.153560634794983,1.3107736705039739,1.2944243915283318,0.6447412766330447,-0.3118488683593271,-0.7800922314047861,-1.2427696326742006,1.260523455119048,0.0038033420429001135,-0.43698290076864027,0.4495568544528668,2.409648068781103,-0.45398908687538575,0.734990479067504,-1.5474275426180084,0.9197991540993415,1.2445200422177831,-0.04625683600556425,-0.35697968118522455,-1.550749193388468,1.4626397136282985,0.5151945232259909,0.7257157560721524,-0.008858041517272593,-1.6184731930135998,-0.5616508130457608,0.019659807663048378,2.1043928194895645,0.30256584324084973,-0.16766878714115738,0.24285766875146347,-0.952892229152043,0.2654449462026123,-0.9317397324446497,0.5210202259142787,-0.3268316041579724,0.4197940977708334,0.09907604128843697,0.38152832423718663,0.5400220994267484,0.03381332061220772,-0.014566599846332705,-0.13400712999042153,0.06464616603400156,0.2306132141873235,0.08132954747421366,-0.3342909199945358,-0.06826937619465288,-0.016864116221198166,0.1823585046169491,0.044754125712481135,0.2373221972717961,-0.00158739038971978,-0.0804548222030945,-0.12458360642361144,-0.032095025422928566,-0.02984151301193365,-0.005013720418354486,0.07674208677202815,0.03854348881382065,0.018510855682587216,-1.8705740081892408e-15,AH
0.5621499400760033,-0.08829711569903237,1.8954367655956952,-1.591023614001192,2.3511741450212655,-2.4566145581437753,-1.2675319915769416,-0.740181896231988,1.6493987034623416,2.355018889542598,0.9067434029947083,2.330038987709182,-0.008856826767681687,-1.58447399535055,-3.0360938775636326,0.3831765667435842,1.7186604598300805,-1.6450061996666534,1.639110539734469,-0.1224978024344949,1.1118625458806124,-0.8376930172818551,1.6258990737756522,0.39827516320184464,-0.034188503265911115,0.44364520385039635,-1.1734211724532309,0.5606577097861136,-0.12744244345109929,0.35584775136181135,-0.7301969606676944,0.06266041822860466,0.3522232360457962,0.10101992597280501,-0.3886434211537505,-1.4498199582960065,-0.7151411070141908,1.1809918433783109,-0.42211764796997353,0.22559719762047045,1.088033937139589,0.0983287862193688,-0.4091877179155004,0.0034772948758374656,-0.3020510938030641,0.43240077906986585,-0.1653544567973923,0.14509377362287065,-0.1622660329969709,0.36600907408378774,-0.40003794479672444,0.12526108309943534,0.10376835487867206,-0.19979646021807868,0.21625488757487177,-0.007861019398631916,0.4258166646216879,-0.18624598399350226,-0.09781090111697063,-0.10748993508504334,-0.22144065936774895,-0.18259635182431866,0.09653136498854373,-0.17524418005290213,0.08069167402781449,-0.03720411634383791,0.01677443899725546,-0.02463237538382673,0.023682024482454586,-1.5513848886095083e-15,AH
0.1496929188766399,0.8571489778011472,1.498245342204878,-4.956261060022809,-0.2508241653290698,0.1721968017620356,-0.8837164128742754,-1.1987587167813067,1.077917625457223,-2.176219282651443,2.1264806327445975,1.198164513275343,0.9240465661491303,0.16907474415415752,-0.6777736407175453,-0.3957171904661059,-0.36232951457321916,1.1054351324835312,0.46452514151384366,1.4880526349557,1.8226723751484595,-0.43455799329016104,2.440607031445493,0.451669553271475,-0.2934543658537609,-0.31574568506841305,0.5657733295312491,1.18228770510768,0.6020841934370983,0.03659084344371182,1.3637370162877869,0.5783233888335305,-1.212872733314326,-0.5907809553989417,-0.026598416934952688,-0.5014934829971661,-1.0897100332142682,-0.5391948522857775,0.6630603358992732,-0.25381071129380744,-0.0012878152908539359,1.1944715753009754,0.693424671482544,-0.8947589422766229,-0.24629024201081207,-0.5655450108011572,-0.047907369753371176,-0.604708549740921,0.1255961028411087,0.250232184772765,0.11156827525531877,-0.19418574685177004,0.0335205226142372,0.1476337859733985,0.09064454137832256,0.012563187017457185,-0.4674080266075577,-0.3379736294202983,-0.09850580429354844,0.011654650881199546,-0.0049310805725078805,0.17350838175689554,-0.08419570386106781,0.12791753333437372,0.050302501116290387,0.007887462604738806,-0.04584815528322335,-0.012089967495194334,-0.0136029344371119,-4.4116186398435175e-16,AH
0.8779049398101986,-4.874312364857163,-1.840144052252298,1.545704286782939,2.3391326747472827,-1.2311993859590664,1.9414952911888013,-0.4383142179309972,-2.731432121308067,2.230627038142455,0.17343990604972376,-2.085014207971067,-0.3956541651744841,0.7986824388919732,-1.9748817102084784,0.06029926358337131,0.2906957464027707,2.3074555900194853,0.797351536427759,2.084138241782208,-0.5116388605621611,-0.5918556270840447,-0.05151426988265899,0.7427507192571485,-1.594409679517607,-1.0469682885200657,0.19431821931925083,1.903843845229711,1.141348252331556,1.0029741674274244,-0.38046188287589083,-0.6361111880735236,-0.30727618492779246,-0.5680150357701885,0.5399250453928613,-0.2190791170424561,0.49054420368084256,-0.47629060093433406,0.39075705295428315,-0.3853259983743332,-0.439526193192229,-0.14766659068649107,0.11331087483023318,-0.27767617953887447,-0.7230150627812928,0.31884230438886363,0.5384849832284948,-0.28728455587802804,-0.3201588943524973,-0.262658303760989,-0.2584600831750156,0.8091825017246129,0.34225307897271284,0.29539705208808986,0.011022197737261128,-0.21912156552860723,0.07398478769969351,0.12908941124609521,-0.08337670592704896,-0.07854636441371815,0.18680413379940863,-0.19586175515679694,0.04517590526651113,0.002869319163857853,-0.05729710646322271,0.03604778265024188,-0.04700194563520514,-0.020225832809664526,0.002605787938135651,7.245723118720626e-16,AH
0.8504432634942679,-2.264867009446667,1.7988936356327994,-0.6798319373814281,1.9681578062852425,-0.04368372166677889,0.008720149004109189,-0.7518961850215732,1.003602382071037,0.7168975538370107,2.661433540418507,-3.0946714679634955,1.2207113050628489,-0.13874291895695712,2.7755862009638816,-1.6696622016152602,-2.4966075306422497,0.8380851722601496,0.28734409581729453,-1.7018879088514713,0.7098482278807441,0.22017216573559273,0.48571610687989736,1.7412058807566861,1.842987529597193,0.03514781555088946,0.15035461105032213,-0.24146676142297785,0.9627960882131841,0.6999198863308699,-1.4599840343806503,-0.6464458196126438,0.26048291473161167,0.645299172342042,-1.6270391174603225,-0.5731606562563659,0.5929664848342201,-0.2920842737743251,0.02718634155769068,-0.06931872281507985,0.4025310859594083,0.16242191715546336,0.4566140083347247,0.3463222973876978,0.3022983788461555,-0.41535135488181746,-0.07675765260802325,0.20014294164301089,0.09731982258763437,0.059337348585169154,-0.16513095983179182,-0.2645820376605574,-0.05226910466878501,-0.10728687734406593,-0.19723844104816896,0.14463819367902842,-0.1943905667700339,-0.14203143307719415,0.0695344184113235,-0.3320202690841584,0.22528303277970207,-0.32811329246704257,-0.05948169727124216,-0.15044817309747713,0.02330539326954377,-0.02264023803127864,-0.03742961126183629,0.03867993596221565,9.564985067943566e-4,-1.2044401934141469e-15,AH
0.7800048236913324,-2.274237167555824,1.2187261328944863,-3.381241476471814,0.5459272207448863,-0.08202973788207234,0.29749157170417373,2.0742896893319065,0.7404760929389274,-0.012321895446244987,0.08242852054215359,-1.9884218556330362,2.2011259262744445,1.9232675516606688,0.41608204583990244,1.4794084397924219,-0.5940698062683758,0.5227518257617295,0.1294351899156786,-0.20523787882775885,0.868778472322841,-1.1371996081220204,-0.44379896242169226,-0.4313182923962959,-0.36893157078695493,0.2376398526599509,-0.2155448883593544,-0.26891919140281234,-0.6300800932271837,0.7649172340542351,2.1251413926272673,-0.45289087278055046,0.8259910511801503,0.5931879322689924,-0.06970482527904123,0.47828914816538604,-0.3399440287061821,1.2742059573996742,-0.06903749988153854,1.092838387480381,-0.5050917471131726,-0.815655230766002,0.20161015579569286,0.36235705739164625,0.3653444656742077,1.005049466810534,-0.6369818916347861,0.43922464178824955,0.34676346777715666,-0.5312019798955429,-0.19699991119049665,-0.16903946019453436,0.6125438144799763,-0.014160323091389147,0.5960038513409835,-0.20398074127797183,-0.06247710772626426,-0.21600196281186448,-0.07753854482772599,-0.15049875855979594,0.06538757891496619,0.12861229440083394,-0.05604443155192574,0.08630659126912216,-0.034148266059120636,0.08447388756114549,-0.0311669753790145,0.013888842223052523,0.011947456820861693,1.9319398511519204e-15,AH
1.9265136454116374,-2.505519784885884,-2.0079171697173477,-0.42453717747202074,1.4751250089624748,-0.7471562477374457,-0.7059432831663311,-0.02661410155989284,-4.285984809756585,-0.3249548230866104,1.1734849443419126,0.5137712142546479,0.016580773485786036,0.30142391154685666,1.7402338489208111,-1.325295380541115,1.0173644025996893,-3.312102447043048,1.3169733679094868,-0.24816760715902828,0.10413470556414904,1.4972360290402111,-0.46687345529183033,-0.1498009856469355,-0.09456848919073353,-0.1461769741099104,-0.43552214833346353,-0.05224560249689106,0.7111026001260436,0.4174239963866076,1.4823360325782258,0.9977962658544747,-0.12793327086723544,1.2432679066260952,0.2614156016627992,-1.2882602740008653,0.7554171949237712,-0.607392144861581,0.19233852897829673,0.1647973375043473,-0.5054888205926893,-0.7757315718725017,-0.17131796405659883,0.035582432591077004,-0.01101557739097837,-0.4905058689669976,0.013965778986241212,-0.343181569169681,-0.5850126504015191,-0.08385214676782285,-0.015296455580435617,0.04382354736818888,-0.2638919289762444,-0.007206828160874394,0.0281376655505365,0.3252230692649329,-0.2687519971344127,-0.10796616224874801,-0.28400852566059276,-0.15762961778319326,-0.25432821481011614,0.023187251722593682,-0.09790642005613237,0.1400141828955242,-0.0312461865705204,0.03754539604295883,0.059839479487089356,0.027529035073325537,0.03533061492417293,-1.2877069202610336e-15,AH
1.655021869844929,-1.67255960750599,-1.7295544754704795,-0.7429822858933778,1.8975398989562644,-1.6644171045825291,-1.0311354977222817,2.016818056360152,-0.39757126526681885,-2.303298715616127,-1.1156437041005904,-0.07394948032238759,1.091484385033054,-1.6746158120444907,-0.8356419953204798,0.058244156087261516,1.4677485486033564,0.4137169114375579,-0.6257471804439545,-1.2527538886361855,0.45499924225346794,0.3280242757491048,1.1835013985460352,-0.9708426624937689,-0.27113632967691975,1.2032601031796561,2.1991011492819537,-0.872162085960181,-0.5597304148117181,-0.41070675645378085,0.05489643166215895,1.0082102888352902,0.0015607064264695231,-0.638749848223703,0.05196213244986967,0.18599736452150203,-0.5094760069018599,-1.0117403330239758,0.3537514005751085,-0.23136660977312434,-0.755577173331718,-0.22233271047205985,0.5490980619330621,0.06759859640963595,0.9567908148304454,-0.02894563058186244,-0.5898133037517057,0.3119557278929197,-0.09124075852906473,0.11152452866907653,-0.6413414209187835,0.2975324513956668,-0.10140170309249119,0.07840246995572037,0.23087159615272426,0.5808096611534642,0.07862082642691952,0.22115051857035137,-0.05037747559051867,0.30339442594360544,0.07088814798410409,-0.27219274359882345,0.0739741662972768,-0.1213011525014838,-0.12252908578147348,-0.06620650246515705,-0.077447087737826,-0.013375797388998852,0.005816838479646362,1.5294840047253011e-15,AH
1.9414908561117443,1.2837760749177802,-1.2166117745210783,-1.6208080733674206,-2.43492625128531,-2.1731212338008,-2.9131164162481116,-4.700454224635674,1.4134859445177619,-1.461373126922657,-1.1113141170070824,-1.0922830840314603,-1.7608080190534092,0.9830275404836583,0.18193325801837182,0.311971618610718,-1.2633889049387867,1.7214167121757198,-2.2726265743799874,1.8979731554013402,-0.80240836159184,0.9028246958467073,-0.017941807859529646,1.0514031890573134,0.15351511504534587,-0.5161012292185596,-0.05886735140854207,0.8135923759150079,1.0688941843462665,-0.2925381594198827,0.2727831917032758,-0.744005518141739,0.8810864334798638,1.1670137107254235,1.2760625911093126,-0.629852303583243,-0.5750303236324733,-0.5375715243725501,-0.5822488669576081,0.29843654298865485,0.18693308155195387,0.3218717536145789,-0.07870255004195081,0.6264420982523861,0.27826809035916555,0.25944964970477147,-0.20891091991961003,0.22130502826733328,0.06291072776008506,-0.33717623586626827,-0.17678873979112592,-0.020106368383663094,-0.38022465632251584,-0.3690330919558366,0.2823770272180855,0.2480270462336185,-0.07076228086992091,0.3707929353179809,-0.03702043468840613,0.04461515351357906,-0.14525116862675236,-0.03859953859226142,0.12717026104234394,-0.024247280045760447,0.06837337616338393,0.05092820056784214,-0.008106641834741524,-0.021657651812535438,0.025775332981999896,2.527275264063711e-16,AH
1.4660729771391292,0.06629095997895379,-3.583355010475356,-3.3719398678720838,0.3840981278457286,-1.6081623079277338,-1.9034589856966504,-1.0390658321792419,-2.7798021056926294,-2.93968177043342,-1.0250673553401513,-0.10177845914638237,1.1589235081443758,2.2581105099792005,1.1193357827883332,-0.57201073458807306,2.41045970229672,0.5429210329501457,0.9548149440683413,-1.1049168549724346,-0.8244724377940138,-2.251021943819672,0.8082096822994179,1.3426703733504268,-0.09090273385101628,0.7157405139094952,-0.9215660724372893,0.20878821229766073,0.0023926844876276977,-1.4245932583660528,-0.152700250830814,0.3481932815721221,0.5897625025354276,0.15564393159840206,0.24988106585158243,0.3931768636512067,0.3344384660003867,0.9388727364853322,-0.8286526829698511,-0.729420899014973,0.22304825673593526,0.28750851119069704,-0.17799394035830132,-0.3675242812360043,-0.08190436872571649,0.46904476357750613,0.5684976733498078,0.6676865392731681,-0.5704796087854824,-0.5665118198119855,0.01792090516957756,-0.21802845624045458,-0.19869946416674794,0.060640542092593216,-0.42483438191384365,-0.20219741211596232,-0.03419542840637847,-0.029618257209538538,0.12177537584351486,0.1094784309829677,0.04750782047214813,7.48367404348256e-4,-0.22855557753988587,-0.11059373497805744,-0.0015697336727208827,-0.03873514657273172,-0.00560977349897647,0.005551327894484471,-0.019984304029062525,3.9150540448451565e-16,AH
1.4124683208116315,-1.2339372392882875,-0.06691864977084103,-1.1780435442833244,1.614169028010419,0.23679554170519007,-0.11343472482636693,0.3512610060588453,0.6979277236232868,-0.9309720784882569,0.851145534320416,-0.6093820026009052,-1.1552633376182913,0.30726034260544244,-1.1273086489462347,-1.3605425313522088,-0.44112653681547837,1.0319763690379633,1.8501980772999957,0.9467923947956055,0.2881124881439781,0.8981710365087988,-0.30464434045154853,-1.0822536979495556,1.3184350894861123,1.0476845245593136,-0.7847471049788829,0.3551228461069033,0.41718850818130976,-0.27962262342587835,0.34471181322718936,0.4658945400564904,0.5336543121841867,0.24939635271529814,1.7693184658208574,-1.2156423185642689,0.8681458835610352,-0.3400211712937591,-0.3680194142518243,-0.41922448385390126,-0.29547989992731943,-1.0314647204430778,-0.6335246665941218,-0.2515652942502982,0.4736245525894235,-0.30517160819085837,-0.09480874249100207,0.36692081482880057,1.1104374938074966,-0.12401495054453507,0.4641679205201375,-0.03995953806405695,0.06818698542429019,0.002262904984575655,-0.2971525341108365,0.07095660320259455,0.19719982885767853,-0.4081351981062328,0.248226267291658,-0.0047592346825153856,0.036484947005674714,0.174409330871931,0.3426439210983468,-0.04878031516905816,-0.06072816030426295,-0.0563780343486565,-0.01200367427299763,-0.028325283980996274,-0.029601292292647144,5.580388581782891e-16,AH
-0.512669884365401,-1.4706778598854051,-0.44002092374889756,-0.4209167295821223,-0.3607313656105231,-0.3553494570854976,1.2909510806753337,0.6106619905193232,0.9696791558577345,-1.4983494878352694,-0.9904513183810735,-0.8736939974153327,1.4346980056579934,-0.16962718531531523,-0.8226440380401184,-0.5434388189572424,0.663171624553558,2.0266497648675483,-1.453848215700583,0.9744472256852226,0.2803729966442392,0.4068340000747301,-0.657041201092682,-1.5534674639643837,1.6399636098795252,-0.3153317641283482,0.9707244190437837,0.2609945615096755,-0.7545581313773297,1.138623589671854,-1.01423479302117,1.1010635181116977,-0.5734689247485728,-0.5456869963728936,0.5434833101726673,-0.9329693571647206,1.4286476192867885,1.8936255751561282,0.07917541017288776,-0.6267480424413688,-0.0726946889444437,-0.6541158331998744,0.39528263661370955,-0.08065925020198293,-0.5190517491423166,0.13669029136090516,-0.36876189411466515,-0.8443599669992934,-0.11106495654675465,0.17121315591100883,0.09632138249158477,-0.20570548099692754,-0.07287039965288905,-0.8397389268299468,-0.0905394113370585,6.606881636311707e-4,-0.16524446889264646,0.20782972494978044,-0.140713581777267,0.05373770453373627,-0.1559807874184715,0.033791917649200275,-0.22818663778270415,-0.08839982258171505,0.061722655369928485,-0.0040541086647323706,0.018900429347699976,-0.00801167597358161,-6.361736811643232e-4,-1.9136168344369153e-16,AH
1.77227186079142,-2.9630368642936666,-1.2543355010503237,0.8764880406416918,1.3014051925432646,-1.4412866726084355,0.06613668563445632,1.348320972505268,0.18859705251265918,0.680690319061167,0.13401527254741727,0.3273822922679591,0.5692813365530844,-0.05091770556717506,0.5685940617569162,0.6815227068658618,-0.9934337194689121,-0.26143321885425624,0.1982865605018575,-0.1270778762037063,-0.027716832536182054,1.53992352954489,1.4606597196349764,1.3735894875347971,-1.4510547653132184,-0.4556189876997951,-1.0825702417687646,-0.47231876912220716,0.27835178810571154,-0.19429376622931557,0.1428327496262809,0.1892792386990602,1.065366819471446,-0.0597663430210783,-0.24048137814292503,0.5903960212380249,1.383720174044741,-0.42259750084409853,-0.5882127643240143,0.61229065274989,0.7189613695415575,0.38078201958989616,0.1304801689443236,0.4125057063987251,-0.9108969453790868,0.4169540716328434,0.14027442899023873,-0.17995751538329585,0.6271527843707252,0.7476654071046394,-0.5228961501493983,-0.47327931287411185,0.1935700609845161,-0.3384096787183272,-3.734034404870683e-4,-0.0842813338596312,-0.19919680039421678,0.20020041300084476,-0.17876528118931048,0.5552151818818014,-0.12112205933371999,0.1541829488626956,0.09544372670557077,0.12971347080514614,-0.06523786934410136,-0.0878311483866645,-0.005598073934714107,0.05027779947992769,-0.024573887500643515,8.91105765565836e-16,AH
-1.7933368851480769,3.058997634149868,-2.0734804430404106,1.2331292108303673,0.7259537128844631,-0.8537322879616874,-0.8852023212146158,1.3621322539344665,-0.964436442757884,-0.9692179345598271,-0.3434433535434293,0.6429904087598199,0.7307763923682843,-2.2853984529685847,-0.220283399555111,-0.7038063532213236,-1.3858459225745168,-0.2863306804861298,0.5448877522663014,-1.194181610927057,-2.2959779494630577,-0.961880860716783,-0.49446482582492113,1.060374011261941,0.09223404558866488,0.2591664699999468,2.0181442725902126,0.33406868466164913,1.2951575816969834,-1.0612235316258047,-0.7086867480039337,0.5301468112942861,1.3073258758167603,-0.06431420242102506,0.33288996674551946,0.9599425908352677,0.030456311768802348,0.1569789231947668,-0.19793943348202422,-0.276939815120884,0.9958802863699769,-0.3354365076526416,0.28508718910625985,-0.8101310746474448,-0.38535220744668114,-0.5864112065373199,0.14302302140187095,-0.0836177452761185,0.46963596477807273,-0.026121088382070383,0.0034048406530279157,0.15016060102065454,0.8462219394843854,-0.15249994745333145,0.37140094470053736,0.12471353038031154,-0.2835915139005376,0.01327911490129768,-0.13152512107335806,-0.28233556767606394,-0.0058072111682493256,0.2770884224998864,0.079223587196994,-0.09949175388102713,0.007409948546731951,0.07497880870291165,0.03185157382949136,-0.040139097186060166,0.016960469211569323,5.580388581782891e-16,JM
-2.1057706753285355,2.540955350155274,-0.6231342297869256,-1.1012966803852626,-2.2570854220447387,0.7946991423750297,-0.11649986008386487,0.0209974960174275,-0.22924791810046388,0.9201296997443242,-0.6318413593978369,0.5103054514567006,1.2008254965675267,-0.5148978678896059,0.5354092508032512,-1.1462861850746955,0.18988437759382806,1.3419503976206482,-0.8939006446566318,0.460160572470135,1.4896697807673043,0.2576340337618513,-1.3307334633298797,-0.457621378562268,-0.1497071111839376,-0.2009436349052282,-1.3011575853897033,0.37765941190084645,-0.6353779771480565,0.03582289766861584,-0.934393185508294,1.5728199273384547,1.25702159284764,0.710087140353652,-0.3971957586474475,-0.4570303256887425,-1.1372813999775613,0.23439836850896995,0.45113409724349035,-0.4662773371982934,-0.3641607786516553,-0.2971242338427104,0.7989231440403093,0.21427201447091332,-0.7760522423597763,0.5328773540542657,0.2203777158836253,0.48923378323674727,0.43570399587668857,0.19080129581140526,-0.4622437017539182,0.37748624774915596,-0.34822720353408726,0.5446863663418156,-0.21527369381297057,0.14004671096668353,-0.19226380590802167,-0.08543771875624812,-0.5015199441131523,0.003950676877024134,0.3565954024892458,0.08855655473943834,0.1422803566812272,-0.02230440314746475,-0.01740985626486581,-0.03412803654867515,0.09223257263820803,0.0387446254205588,0.0018076169079597748,1.584995155956559e-15,JM
-0.7034292306533332,2.0620272932626325,-2.758079182257911,1.2941368931043653,-0.24665312569436662,-2.5672217084358313,-0.5705519491753451,-2.3292877504670684,-1.0706284815153733,0.22509432798602053,-2.4769227134520104,0.4580901583495408,1.095458134085426,-2.001357346619757,0.33097791536841525,1.460845663783573,-1.5013748317269684,-0.3530574798824952,0.7233068711026158,-0.13430809960937334,2.4044083282446893,-0.9125909812124626,0.8546134930150583,-1.4304376372358998,0.31932609640929144,-0.8666545064843654,-0.6252663078225258,-0.5626879727590516,-1.343026273911291,0.29225975536471904,-0.10843659576073274,-1.4007919110758618,-0.3858522923135098,0.31752814291176695,0.9377258440058678,-0.13919102904877598,0.709652169679774,-0.5627609447268009,1.7315785728030133,0.2806384367367453,-0.15107882987142407,-0.029836527971819734,-0.2210916516753959,-0.6211828308983327,0.04266867779339699,-0.15197040370017467,0.7198238603020308,0.6428516469863534,-0.29224239537594354,-0.014194104223727043,0.13017601422763359,-0.040561979274436076,0.3243946262825987,-0.4765059579637924,0.20648606519582413,0.10783979469086992,-0.11918985880030057,-0.04526039671148385,0.1565309122275599,0.012413591881091854,0.11656075663595358,-0.06187897715139869,0.05842905402372127,-0.04577256975721547,0.056009471744847876,0.04802258418262313,0.030720340954166175,0.09788618892027273,-0.01563951722159855,6.690611606408048e-16,JM
-2.894997890455546,5.572963750966163,-0.09487956699291336,-2.4524512545394046,-0.9107851538293456,0.016233315127198847,0.10233651686032436,0.3300396033970344,1.5516716516811813,1.2929183538410007,1.9248086966161004,-0.45730749342997296,3.3419181695741735,0.6014551426291324,0.14708388912919462,-0.9689254546875661,0.6588033190091888,0.467393565791092,-0.05110821312105064,-1.9643092260188881,-0.21363812279742872,0.46275725237002147,0.37023738091674724,0.5780076937904421,-3.4583155989381895,0.1804694324343841,-0.009423629257456611,0.44869658356849845,-0.3278389885062786,0.3917713929959788,-0.3346844396192634,-0.4550827650823097,-1.518214756858111,0.26605140335813177,0.39451900680070534,0.05028334728139212,-0.03478716828210608,-0.07009412379180881,-0.5578486126493232,0.4267741120162398,-0.5634963999237903,-1.1846626220595955,0.0198764715381949,0.6447585110481532,0.38543280572015776,-0.31929302601901177,0.9052443498569295,-0.3511114179316844,0.039509170162452215,0.030125156897856505,0.22752629035408478,0.11566834747164034,0.06876938765330899,-0.24783905900450826,-0.44939125918233463,0.21993148345232438,0.130408684704611,0.1639720569951787,-0.03203259468496089,0.029653443154633922,-0.15221225198405686,0.027416361160096544,0.13453499027997304,-0.04824966019066633,0.048561555234348915,0.08311887183141732,-0.0355939456927037,0.0012974804036997474,-0.004119691574934248,7.231628490478315e-17,JM
-0.006940702091779291,1.0684676619950169,-1.0560926015459462,1.9640331692853403,-0.8550102294098898,-0.32741140218610154,-0.8237901704204823,-0.5055290253725077,-0.6773770908432957,-0.2842656099401685,1.4229393478112073,1.3566159760574124,0.9618420751642456,-0.3095405600920721,1.2016989472061035,-0.40176261371155464,-0.6442439009350773,-0.736125842785875,0.6620319772008455,-0.6609259505822707,-0.7872309731362798,-1.148020367940789,-0.5126329009280541,0.09055378622812525,0.3298544505438794,-0.925812915124879,-1.1355749338973293,-0.4494316670441944,0.5202308459484698,-0.5290955135652557,0.8861487380790002,-0.7430739254457337,-1.702982600333153,-0.5774931477681543,-0.1278636432678009,-0.5717826477879978,1.3407907481310661,0.9512241268211067,0.38863855828641586,-1.4486780043212022,-0.6914278523232484,1.055074624966121,0.6777159932218118,0.7993100118349795,0.37850972989049453,0.28396813334013166,-0.24340108393459434,0.5272455829888448,0.48353586398914966,0.6371132883762893,0.32997340493620675,0.23940278350038535,-0.3350880281014346,0.04351199041563424,0.5083770764480503,-0.1992834312892075,0.23411890472020086,0.2224432134920656,-0.32597109235261346,-0.09951796408499355,-0.00354472180599758,0.09858200288227467,0.11214046206676812,-0.04328818548749358,-0.0874586724581532,0.032971143540935444,-0.03865874914634048,-0.061812496095274824,-0.0031544007167868537,-6.562675750054758e-16,JM
-0.032436095770954916,2.6049038386410666,-1.5164997836006946,1.6150130366851565,-1.5847068482449191,-0.5574141145876188,-0.20609817348189963,-0.139005104961695,-0.05451084019599227,-1.9015179306226366,0.7841999240069537,0.78464080068159,-0.9020099985049289,1.3651021643113426,0.7254423000419957,-0.18816973510019022,-0.08458357677516871,-1.2531376498982862,-0.5975554590315442,0.3482726186281545,0.5114766484776898,-1.0910956560970775,0.2242976495250601,-0.29604199998093284,-0.7002141526662701,0.021706162108393916,1.3332067601839572,0.4081875802988109,0.323778322453267,1.1668044801290687,0.6397317263058504,-0.4252457501515159,0.14575267877044662,0.3782484124277349,0.3554016093241367,0.07333485356485317,0.450602040474729,0.3556736024934428,0.3105749528140257,-0.3017574405938188,0.12520248234538012,-0.13043471185605734,-0.5071921590544337,-0.11543463855259177,-0.696502236183105,0.10499954269745496,-0.901070142626064,-0.02943253014972267,0.4461680104806383,0.177468706386827,0.5616587932352352,-0.8226508304710766,0.7142718219649192,0.6570076204032191,-0.43217325785720323,0.18568368292729864,0.3029714329726048,0.19281768279704828,-0.2676531148972885,0.11200001672148371,0.11744920078842251,-0.48530001502094255,0.037903820683600944,0.0420377288505276,0.0897010705664848,-0.03683497790848188,0.008883279719867687,0.003382846828163786,0.007954403983476438,8.772279777580216e-16,JM
-0.7280223381219963,1.0638859528346643,-2.3125513087986933,1.1085563824877662,-1.364282315157035,-1.1119278849499927,0.7317203212881424,-0.8310847298692982,-0.5115030066654688,-0.36153853616386744,2.653065012528851,0.5195615517990951,0.633813386073931,0.7616648604164225,-0.40722882150859396,1.2706111977549035,0.5468139315824089,-1.2931496808743244,-0.13442654312374283,-0.47746867699540385,0.09809195935055602,-1.5312854953807202,-1.0131513237775673,0.4747773891739288,1.2548930968213357,0.13898123683356114,-0.36228086405981413,0.7510030001842214,0.19708273246791086,0.12593993054717112,-0.44047158587799345,0.35991020570475224,0.13167183249866207,1.650461760654722,-0.5700336124342709,0.7975139254303123,-0.3409615806446869,-0.7106879571992079,0.4307444176986319,-0.023950346390298888,-0.8555892997247656,-0.18514545470109112,0.25962149052135103,0.37257634649102145,-0.19036037963885877,-0.02298286971131086,-0.7830599197286625,-1.0377628979798674,0.4524841483668262,-0.11769837928874616,-0.2433902428903461,0.46740827732258616,-0.0606826518175167,0.02024446606396056,0.22778395909953006,-0.3795193811937816,-0.15642273630979192,-0.1742748198895763,0.5063041069936245,0.38355601123508126,-0.24627150340407333,-0.15705829669045962,0.03381155009807302,-0.18907510749726472,0.009270424835367025,0.05318748607843046,0.047456342688434766,-0.0024879642085266045,-0.02541738548690635,-3.57895137137465e-16,JM
0.039720001383929365,2.921014185738352,-0.929673229291699,3.3771733911592436,-1.5290961113487855,-1.3875258655888802,-0.3906587556124,-0.009588154251405308,0.5749191805587112,1.0646662438784824,3.1808465188553328,0.5182274100428043,-1.8609438190093766,1.5652612080006407,1.4068249611798227,0.07400252372947824,2.7481432581168446,-0.3951650164979304,-1.1507182068729915,0.1707135686328763,-1.2698913910520195,1.4859728891736794,1.2582645334104023,-0.3189840154048283,0.4557303346001513,0.576934270074101,1.0119070342725023,-2.074021644903778,-0.3625988539821307,0.3734668759791678,0.07852162942190886,-0.9739914636594884,-0.46914180933951594,-0.002510198717330759,0.7023981569929661,-1.1567628942496115,-0.4456709932407831,0.34882989530677716,0.23169923733041894,-0.37925894682806216,-0.367100186416846,0.20127567104526128,0.371766022506582,0.11312762349560594,-0.3953862058590044,0.12897971183418094,0.2703968617167302,0.05505924488123307,0.09441054591286915,-0.5080890876716234,-0.9274356604688598,0.17708710744865652,0.5715956798150887,-0.1597127636866414,-0.07143478330319215,-0.2265954164143254,-0.14454586897211655,-0.10618366199347239,0.2042156681917696,-0.2103838682590188,0.1523936820427494,0.19634940792388086,-0.02031482539879654,0.045231453491245716,0.009802310547126963,-0.12920285008203283,-0.019330501743668266,0.015883005496585254,5.569538676952826e-4,-2.1217836515541322e-16,JM
-1.4882316582611654,0.24574935950779703,1.1287956574768008,3.4220312644079964,0.8244887781208603,-0.9236716607891414,2.7112482875544903,-2.251004021050533,-0.10106602268179318,-0.563666802253479,2.362869802585864,-2.0655015953032754,0.3399581726679919,-1.2636497366058015,0.7764591175001045,0.6613507270208496,-1.6371473075361758,-0.95863750476019,-0.29262461735743933,0.33668348993025465,-0.28188329496244824,0.05283006005274898,1.3758498665748113,0.9748497112683411,-0.620137094466013,0.7964005399554979,-0.5605998965637653,-0.19556770016293487,-1.958633187513694,-0.40608115837309716,0.24356002066527332,0.49293656054952095,-0.891704071410966,-1.5503884210870145,-0.09865392941962922,-0.2336090943785741,-0.3221048322693548,0.709128117668064,-0.8386230401472105,-0.1731434213725027,0.16737077666949116,-0.8591367606809472,-0.15742490771127318,-0.8669846253225281,-0.634347155892087,0.11718237512920371,-0.1824766112590322,0.35533455875663256,0.16497046874758223,-0.6234316712868365,0.29166998667673616,-0.11609596355400875,-0.6124401396652339,0.17827330676264652,0.26132982477292327,0.09194133155575036,-0.3439971167330466,0.07829750866319773,0.2714470092207705,0.268764215154139,0.12057091471537441,-0.08514551452558723,0.10083641616901697,0.05518257135494223,-0.042511179387555956,0.024606537812214325,0.04203542656879036,-0.04263337392310619,0.024692207910649452,1.6946079955948434e-16,JM
-3.1010673579810226,-0.23586407780622606,-0.9362677572917384,0.6278737566361462,1.2621622828282892,-1.3221230003948499,1.0980291081914795,-2.1932822656091444,-0.649260411231577,-0.18084242306800946,2.6407105728558533,-0.813390300918987,0.1288257572877989,-1.391495626367315,-0.28933046992261163,0.8249671765225022,0.16165361610884235,-1.5460794807964249,-3.1757461398352573,1.4563753825432255,-1.9077688272448636,-1.7690513125054583,0.02828530685908842,-0.4283715994788957,0.5438730194965998,1.020672963602802,-1.3252815956866721,0.5705491143727875,0.5573102196857564,-0.2963301619972327,-0.5579681234676939,1.019972615110648,0.2258196643769854,-0.5202164335529595,0.19344341919626926,0.6871570645283477,0.23468935639521465,-0.5639738659474081,0.7151225110908981,1.0167346133144572,-0.18704634643313653,-0.5933590805348449,-0.5946222183225538,0.12763622709573003,0.9230837472805076,0.3736278228256489,0.19732503965720222,-0.20498924042598898,-0.2637444234971626,0.6687186022488156,-0.1943712308811143,-0.37533327389616583,-0.10074490180990203,-0.05531199738066843,-0.06343607441563029,0.05353675608731247,0.2365551029387552,-0.19738034779403793,-0.26504078116440444,-0.10372090482436633,0.28774670139391106,0.20382200167741393,-0.12079676810832318,0.07093423238683422,0.09423337430144094,-0.04181521104488517,-0.052707666569327086,-0.021022659018568975,-0.0077969630576682075,6.968167362564337e-16,JM
-0.8107111039065074,3.4371599264512094,0.9221027430388827,4.634522233905221,-3.0357016399119168,-2.108235687417704,2.121716843542211,-0.7450176637340936,0.709860408725161,2.9474432713939227,-1.3144891486965382,-1.2467920818986755,1.5535956064498802,0.2743424725222703,0.13102111244107034,0.07365262318049115,0.7226203923972253,-0.47776937602064956,2.6928399421979594,0.21332219726921867,1.513567077554399,1.4287783164633567,0.2039915034747078,-0.1814106267605129,1.6659103094309493,1.6733824691070611,0.14135859689393762,2.2838356700618845,0.4114614618344498,0.5952460941813764,1.0851123884006746,0.3108841455357272,0.9208374703377887,-0.7143261615719931,0.41656883554162355,0.976918732674202,-0.12618425007501594,-0.42866173432659793,-0.4278125477054696,-0.5118428795991652,0.28788940623882764,0.13523612037292596,0.43922331854519114,0.37919718117253903,0.779199033987972,0.20585364479368407,-0.0820555752097678,0.1363436572089862,-0.7479121472066063,-5.750859998081906e-4,-0.07616073521032711,-0.4130495587006576,0.07440064384552768,0.13325888337069386,-0.0839472918136503,-0.07030658157595708,-0.2228709700474928,0.15494618270782953,-0.11014936834910313,-0.06447068825289831,-0.12426764245329301,0.061406354154869836,-0.03888240807559535,-0.013215733686643402,-0.021609623119319396,-0.03209108867639704,-0.016747056032621346,-0.042613222789391156,-0.011325127711339991,1.1131503704908674e-15,JM
-1.1071607864757453,4.675409675127299,-0.1467637063819015,0.6587295889911913,1.0992071311522504,0.28852527380095644,1.0990482170128104,-2.0144930694012984,-1.3240891973851574,0.9689318789036669,1.2435386910706483,1.7221699853865815,0.512894751641826,-0.5873001232282828,0.4383257332168622,-0.13459182014853502,1.2600576434837258,2.906360480527069,0.3521258717522098,-1.2861694302680207,1.4959233905625775,0.12398065032193113,-0.49042472104815354,-0.19001061530277802,0.5534726095587839,-0.9317981243176086,0.5499185437779711,-1.6637879968701592,0.8554286049203914,0.5260620130511166,-0.47317131481418706,-0.15279636547804928,0.6491794662959613,0.27466847159974206,0.9942578132446572,-0.34115174537256593,0.712205526741629,-0.3670668601551834,-0.7811673283225734,0.8437165526117237,1.2924825093743026,-0.030391145993963416,0.20485365352053386,-0.7177130853528902,0.4908648795382379,0.7075293652979667,-0.36315808823674406,-0.44905935635971983,0.13949403595387452,0.2811630092729807,0.21647228419370845,0.2171983029233049,-0.358217289549202,0.4065269968110314,0.14619340171692308,-0.04105739093996735,0.3146114744404623,-0.039147620650205134,0.18004388133483099,0.11583193805044657,0.06063233106663758,0.028267294824661608,-0.23081806986042686,0.17485429201797487,-0.1271136681786549,0.06515980703204953,-0.02435884791788065,0.01985622896509161,0.011881059375571698,-5.2583805365546965e-17,JM
2.317751865058167,-0.8151950851607049,-1.770174256749118,-0.2554984319076617,-2.0465057831156153,2.5501555033035763,0.3981761367761393,-0.27467905520736635,-1.752548743807822,-1.2868330174103542,1.9155851887358604,2.3984417264544726,-1.2482176790190846,-0.8922885666955053,1.7509455182629599,0.5485976601640499,-0.21184793282484418,1.3511308321698803,0.4385688666699243,-0.9946171763427786,-0.7792278657859493,1.1414991004648274,0.9687511537413891,-0.7128848415421363,-0.688247440500029,-1.306515063029143,0.0780229080471593,1.3647428776139858,0.5778668007669819,1.4663592675468542,0.011714740903799835,-0.0032814765478905474,0.9036797663296295,-2.6043575530345944,-0.9828875121798498,0.33467323435596025,-0.9695361501823869,-0.7598643325498897,-0.18644682811108923,-0.3738798551910523,-0.4633258238431196,-0.27356072537637227,-0.4475289364347621,0.2723489655400503,0.3048108908527359,0.6389995705369321,-0.31495676999347927,0.3476211986351307,0.022955987828486332,-0.08225228136866339,0.28760220194944747,-0.06902691905647332,0.07974998857851957,-0.6133445795784296,-0.06850088725006012,-0.13761291024857816,0.2499228455423495,-0.23869846614737902,0.03898059338207695,0.0029011604796758614,-0.007865596238975108,0.056830303578149916,-0.04679927767994569,-0.14486583878979378,-0.01120456996354592,0.02916926691371504,0.05604640897357116,0.04957060306381082,0.010401172155443866,-1.0809495659680479e-16,AH
1.5711369189118445,-2.653697232903603,-1.5321068615247315,-1.9527587027894242,0.387853962412017,-0.31467354455647323,0.20893020723304653,-1.8238978097923824,-1.9661188260994114,0.2917550729199059,-0.7159410339107086,-0.6248182136259951,-0.7576622016810758,-1.3531867299875056,-0.5641365066329255,1.4735948514857518,0.42460965707894965,0.5500127051072766,-0.8099296536767646,-0.5171866270977943,1.1935226495418996,0.6556848354754035,0.4901235200599697,-0.7453213294524015,-0.6725333919454788,1.3399006699092917,0.31384455740828243,0.0017375421917461206,-0.7740152321442993,0.03341025258719193,0.1195121835320211,-1.5457543609790787,-0.6616793641803309,0.7685885180523855,-1.273270037570809,0.03646487106997482,0.37562354930894787,-0.39641679578365013,-0.007547372087018675,0.1852748424749666,0.3626654567169352,0.019517115775991873,0.7418944702233838,-0.047423847515394975,-0.1872450047069275,-0.7543688032347081,-0.678386128364836,-0.22783202423293814,-0.05751527227255211,-0.1413648792461491,-0.28878930354496163,-0.5973176978171283,-0.05855105564781235,0.26922437830418383,-0.4335043094529455,-0.2685843652428303,0.4243047815470262,0.246170971355703,0.013453766871084072,-0.12158176217051997,0.1321546416735972,0.46715889398150323,0.05195431139817847,-0.15305818887087813,-0.05648082299674186,0.07657733578722963,0.06908063414960973,-0.07477257582487007,0.004133349749771108,-8.158621347953421e-16,AH
0.6500829112127239,-1.5176092394165246,-0.26576279404858333,-1.9119030692864913,-0.7394375767000865,2.732002666588361,0.42094622250990177,-0.3762952082685689,-0.3807598679728329,1.4069488012994475,2.1915385384287536,-2.3535503517150116,-1.3959642575528786,-0.9346517255580584,-2.7948073224418772,0.8023939099536465,-0.7582445014314324,-0.15734667112643413,1.1900636008092436,-2.2505940372837996,-1.9808774056631377,-0.8280186363559057,1.7691289765504163,-0.7957652240925965,1.4712523381574034,-0.1483982019008297,-0.43763080692548734,-0.8603804937945096,-1.1687146482005781,0.4371341258524359,0.45544500395426823,-0.0414700148168394,0.9233846604490539,1.0209042844227458,0.72932084609187,0.02195236315770841,-0.9977733137846403,-0.44143451082984686,-0.6620051113628226,-0.3501835566200688,-0.5639524809237035,0.18834235693550014,0.6233716913549754,-0.1378442567458101,-0.1767485643852167,0.09436854149009963,0.2309863204979144,-0.15773222920655833,-0.08952138890941896,0.17982397484941154,0.7447502490617878,0.20842448629276622,0.07714284654460116,0.0167213374298424,0.07269426501844878,0.1618798577657205,0.09339394829288573,0.5862933939358814,-0.2037648123765279,-0.07548796669404229,-0.022591848022003244,0.012083308281016981,-0.11906805244452279,0.0902138011770686,0.0669437185654087,-0.055476171637836955,0.029006701265173795,0.037396341829792276,-0.018279291581569698,1.4600950656862288e-15,AH
-5.323582790568676,0.06590354590160502,-4.1541372410622985,-2.4631988437911962,1.1482031068133165,-0.4777644882738353,0.020154889517642403,4.425226572906091,2.1347550402164863,0.7623783931325766,0.8484410788679364,-0.19432850162827056,0.3596087954630365,-1.8505910631803297,-1.0334471635108482,1.158044399435915,0.5251179578607168,-0.4854459149968229,-2.1910242857261757,-0.31992155725905946,0.12035787730045747,0.4921152663236314,-1.1786629551684265,1.5445294911267016,0.45367739854973704,0.7267237481912827,1.763241996504058,1.4940129121865056,-0.034180026149891254,0.7880813263743686,-0.2296182823625661,-0.7938610798993507,0.15098792128970873,0.2635440633242841,-0.18967933441255408,-0.7846193340175623,0.7329013235516183,-0.5567953322015372,-0.06087854987417973,-0.4500962333558906,-0.3886813214351514,1.0040313211551348,-0.26469456193984825,-0.2046141487538047,-0.10278553623319835,0.5546745777590795,0.32105655823259666,0.5312200374629903,-0.3245657425201441,-0.4316452801329045,0.4662936007897098,-0.3239112034627193,-0.470145178523142,0.15326748284430775,0.18305610544003176,-0.13473288116141313,0.09574146875372315,-0.1306870879802922,0.1315577194321371,-0.04641202475098074,-0.15414983354094947,0.06196366000988,0.07702082641705738,0.15790216991804218,-0.023622673400644067,-0.04775965960510184,0.033919311300476776,0.041467230711461314,0.002155134119941518,-1.8844517959970553e-15,JJ
1.1380220893529116,-1.04944665988088,0.21931737122029332,-0.771192725334945,0.0706459156926407,0.8822448525235774,4.251230745399968,-0.5269355797093064,-0.45894445998076683,-0.9256062218441501,-0.5064168780119993,0.774467597498881,-1.8654116045162332,-1.753200202878379,0.5050568021204759,0.09375664369384945,1.5025512107053751,0.8560546948682015,-0.0837191867632394,-0.223174675798157,-1.0449421721974639,0.08442479297321374,-1.3789986120459297,0.36439367517259685,-0.0994856222272562,0.048294336608037586,-0.14204130108432625,0.23732323085571336,-1.568548484248184,0.16320569552189726,1.0369628523411705,0.5659922823709749,0.16786811906068294,0.5950493826949776,0.25830702092922647,-0.28057547662083165,0.14017289753551412,0.13962478263117029,0.45153940196205233,1.1435078672647803,0.34609922887519956,0.8743520009142409,0.929536441183746,0.3362018708344891,0.6831063981188601,-0.18347244811107,1.1564882352067525,0.20723201134546976,0.426724483430662,0.314848244397752,0.4870791505816057,-0.14426774478344973,0.3251655167866217,0.0620499968903887,-0.2232573701395689,-0.39821332893923006,-0.34331352880390925,-0.11881151141316733,0.0685003221871508,0.17775336312451734,-0.07930974489230408,-0.18276747840619997,0.04278233555960844,-0.17256188752526766,0.027661484998056027,-0.05284454014642588,-0.03030661573456521,-0.030048893171118234,0.03996054222683661,1.6960174584190746e-15,AH
0.716230972708843,-0.28654295731981017,0.3058650648019283,-0.9519879395588612,-1.2748035417810377,1.0637576875154084,0.7814365830862625,0.8684890498841479,-0.09119028054831532,-1.1944858646404488,-0.054885704253851086,-1.9062504847429518,-0.218966955705163,-0.8925038842260336,3.1625705273062517,1.9284860252664577,-0.9347169122121134,0.09059306901862406,0.4955467737209314,1.2477349138664333,1.032132117280013,-1.0426882259963148,0.08749861188592278,-0.010003100093729341,-0.5255855281008736,1.5975184412148176,0.3063554567249287,0.03865426035131844,-0.6365050280952217,-0.48280651632006993,-0.7797547922945922,1.8609036690179266,-1.4389489650292282,-0.11995486658914681,0.853485084613868,-0.273832957069311,-0.220115587395431,-0.4417290190926584,-0.46335744835998205,0.1105815472847389,0.855083891006591,0.960075001068823,-0.684383607966557,0.25489373870503607,0.5261969695134249,-0.007402213180291273,0.09734613866538161,-0.16991421054403208,0.40752722923445256,-0.12202636392515992,-0.47134502436483455,0.48646941991856474,0.3301814494601611,-0.15577694988242002,-0.09135961681267929,-0.2929693805598214,0.3329404955693938,0.19448705217390175,-0.14451456755064165,-0.3210768966340363,-0.21495611742213672,-0.18632881990841751,-0.024224991705402883,0.14498278630969888,-0.08926921955067246,0.010370239170077209,0.084678439903974,0.01823212921804997,-0.012337374217226707,1.1131503704908674e-15,AH
2.1310696518784646,3.6771105370198445,0.7668992095774742,0.8674515407435924,0.12735567605432455,1.3255247929893537,0.738408269634313,2.8599301540402786,2.2465994802273137,-2.0015259456323187,-0.7620537546779436,-0.7839914588191639,-0.7858090349452099,-0.4860897766329565,0.3013805543877215,-1.455071284754929,-0.32649231992159367,-0.9047952911127006,2.571919278499026,3.2058186625882006,-0.5598326485967949,-2.3724605258884575,0.8518085258585101,0.8477404827443423,-0.8418368350067271,-0.32363923449628407,1.3629070078228387,-0.8261617399177894,0.04695209584658715,0.9710625649130799,0.8130215786702291,-0.6341015773426056,0.7905405237687108,0.27505609517035595,-0.22215898849836674,-0.33089556787723157,0.6384986998979522,-0.05181879865269765,-0.23591801547781097,0.8104699866307135,-0.1623626025235993,0.07081980034934213,0.08929297085825971,0.5021385551044371,0.23535296897781194,-0.004601974785839541,-0.054198063977925794,-0.43752189842130274,-0.6740327294209627,0.2235810051752979,-0.046684442861675765,0.2893010843411605,-0.5720170705155413,-0.1696786311953447,-0.03558255456408965,-0.001083325950999088,0.07117800831867478,0.03263113171018989,0.10139252613443833,0.09148282369368375,0.37873648053893483,0.16129631191503274,0.0402389088821766,-0.11645085603180796,0.0135638393885298,-0.032786165136240664,0.06875538831429293,0.009602675627877439,0.0011089846824041683,-4.966730152156096e-16,AH
-0.6252537367683229,0.9737859117887825,-1.094045642165339,-2.7796488019619736,-0.8933283060505118,3.167338270446486,2.3420777045832737,0.6306987588184646,1.1396351056075213,0.03873748324297249,-0.31182918063916354,-1.3671925250868149,0.376151757959292,-1.7232657283479602,1.183907175676552,-0.3583000231911021,2.5560321078972463,-1.5878510040423113,-1.5973913733518852,0.1001075457237079,2.361471470356741,-0.8402227688088098,-0.19753694635449037,-0.40622443897846683,1.1910089445361125,-1.5995016211370898,-1.0187685851815267,-0.40399344386091607,1.226287777312602,-1.5956130002266073,1.247386474168783,-1.6116881832735495,1.2320135761783868,-1.069743079254023,-0.4632349703641025,0.0485616509790699,-0.1678147761631181,-0.39713462561162616,0.1017108751494421,-0.08760759410740522,0.4559201912080469,-0.5849368750337084,-0.4071995866617404,-0.005343926112736047,-0.6638664949174902,-0.4664028137279697,0.35819972780585085,-0.30291202399567657,0.17317770415130654,-0.4240586522233134,-0.04816735378940301,0.24460235126972468,0.02354150505020375,-0.35164681651217256,-0.03611020890967137,0.032451277250766686,0.011897780745838239,0.20219560975110082,-0.0831967594287529,-0.025277032723151245,-0.028031594538186794,-0.17462754870033498,0.02952502846873388,0.046541712585903144,-0.07554681232318067,-0.052116806405147445,-0.027140096620171292,-0.08338001993466305,-0.004126238314654418,-1.6901627666876529e-15,AH
2.2380986243529537,-0.8105672321368049,1.6208351425920113,1.3149179026808981,-2.2315342121842776,-0.7983005817223612,-0.725988867715696,0.1578399826276933,-0.7287435319679845,1.761060550806081,-0.17026524205973675,-2.969427678704336,0.10156759696163536,1.1454411780405527,0.36776395861142147,0.07699261737321869,0.6780633964308396,-1.1728406264312168,-0.7908099414656353,-0.08340093048526047,0.9972905937896096,-0.595329547118141,-0.22166681929453447,0.8892335984910484,0.5378116274813782,-0.08750283782557444,0.5182058102680268,-1.0821206285648224,0.4706170779472596,1.2055805309991081,0.3228017611957665,1.8895934315714955,0.4702578064489514,-0.7105446001571241,0.10829781684256233,0.7985046741866818,-0.14287387008087038,0.39733269172581565,0.8693875510211309,0.475662098087743,-0.0908104720437093,1.1556655114617636,-0.07387754082588972,-0.21189799102655618,-0.9740918305335804,-0.31547481689652734,0.30509083678420246,0.25420434149400284,0.28206299948217517,-0.13611812736319517,0.42697751671854317,0.2380463750874103,-0.21649327349004135,-0.05693741970578026,-0.25012574348678457,0.4721795544335736,0.5545476880858811,-0.106786154553189,0.18788537130375652,0.08563173540503774,-0.19178528487967084,0.3034022053042709,0.05628828916104777,-0.1324112941363615,-0.005022692608292863,0.0724273361797235,-0.07045284380869297,0.030527362310186882,0.014422531440227052,-8.019843469875276e-16,AH
-0.18494271744349913,0.4517173558378386,0.2596635490153382,-0.40161509858804506,-0.7795763590744896,1.8375168115170335,0.9791129594646496,1.5622045395450797,-1.4672400663552112,-0.4018954898041157,-0.6379680362152027,-0.5664023731421304,0.776512144236389,0.48990110122101216,-0.09390143231213201,-0.9915913317348299,-1.7510854935016975,0.6533212493686061,-1.2938723934807934,0.32213377801789556,0.12895559510126056,0.2522128704715521,1.3183168923660515,-0.5518938975840315,1.1133426572765721,0.6796200908219006,0.2504066928750108,-0.8510229624018569,-0.41806114301071,0.033523630575357816,0.5076690712610679,-1.012717138215529,0.7066862237824407,-0.4314999450562314,-0.5162113971815072,-0.3356618251602836,0.5900723848084615,-0.09166044695554627,-0.4119573816135387,-0.6542296932737848,-0.31722705470183066,-0.07455312794471712,-1.1616631287801673,-0.3326866728721478,0.29773265772312285,0.010978029205052482,0.25790321684803164,0.4052507453158456,-0.06823512786807284,0.8864049914638796,-0.7451315647625738,0.5748592477032036,0.037896875153915294,0.6441449915473936,-0.20565980890286362,-0.277099294981254,-0.13036443738289968,-0.004953386340856406,0.07084945775881564,0.16519872760134405,-0.3664348404259353,0.07750857572699522,-0.009923947556679684,-0.019544792991848567,0.25470277866741814,0.10597389289961323,-0.013149800619082566,-0.010699898916214017,0.015153490347383378,-2.4687283467494936e-16,AH
-1.3326622413040852,-1.1944061717273349,0.8846655094653564,-2.6906745264856506,-0.8903187285406444,-0.5164217123834431,4.096579080208513,0.10071483514561515,-0.3161282182578147,0.4618364778144447,-1.7413496229054475,0.9135885553175376,1.92784072989409,0.3299510627605089,0.5959078840723061,-1.312912106900358,-0.5445518320820127,0.0801335087044725,0.09903872786484569,-0.30080018884711257,-2.5269693049584254,-0.49239838978072464,-0.8586794455855418,-1.8337675222618612,1.2014561046119032,0.8613929643641696,-0.7773151757319849,0.49370271923417225,1.0603989058249246,-0.06595033346396442,0.3340898900511975,-1.3563866587363866,-1.5985868595272126,-0.14684121695723262,0.9270898368103123,0.21518566564091937,-0.8805813966124685,0.041748525007204725,-1.026703468529882,0.2322135091133339,-0.004915122270325936,0.8684759613647135,-0.5016324978867961,0.0887088687325394,-0.8205717966670064,-0.2731505651336898,-0.10458520912953248,-0.30695547999345235,-0.1522883490264484,0.2807373972743423,-0.4523976758373662,-0.31497459071233763,0.026702195181212782,0.1287614047704812,0.17097938574580132,0.44327642684172897,0.0872548947318287,-0.10862352094186085,0.1759396493976272,0.08343042011442069,0.11493021387155127,0.0026726736874051055,0.05843614038531987,-0.09545128324369026,-0.11270662782295618,-0.03132440848171854,0.01372989045630335,0.09086820696677624,0.014470408318314754,7.384500996798771e-16,AH
0.5453856915964984,-1.1416768509676962,4.171805714083161,-1.701554041913164,-0.4165000819352369,-0.7774777306345572,2.726534671618032,-0.7087455275104164,-0.009983822517730612,1.0455974322038353,-0.912113927381885,4.210112243565691,2.6032827466036634,1.6537777989429023,-1.025752843307474,-2.133203918849155,-2.342790730358492,-1.5742149008661985,-1.0412557433944751,1.129713790116306,-0.144435591028647,0.22879244601054294,0.22729341773982153,1.18097003593044,-0.0798365774142057,-0.48635177664752727,0.18470659902516653,-1.4027498315919125,-1.4648276810538385,-0.23761521219058848,-0.8793676436155654,0.47601465451297376,1.1606101200886951,-0.12092131660097227,0.5201487607203098,-0.20272161812353628,0.4605283865709674,-1.4646183007478035,-0.02180198845628213,-0.3479651762831298,-0.9343818502694581,0.44566517270984446,0.07785072547712646,-0.033278347846130554,0.0455989875505652,0.27712606937332285,0.07793025104729365,-0.09250162100643212,-0.023366266395814336,-0.7920781508188302,0.09770881506300465,-0.22360735566670006,0.24682856848431603,-0.1115943723740416,-0.03632868618547333,-0.11341663283109898,0.2553078212287123,0.06719663527071408,-0.023036547702391302,-0.1277664396322624,0.003369948063918318,-0.04032737755916545,-0.12855137594039562,-0.03593921583921221,-0.05686465759380266,0.0068662919795939754,0.011607099801517043,-0.07188116133969431,-6.985718101173641e-4,3.082386776376289e-16,AH
1.4437601668434243,-0.8608102356797472,0.4749208126246934,-0.7201632099171837,-2.456122400548279,1.9999804065512372,0.6268627042675631,0.182464129045458,-2.051406783229675,1.8665181679342213,-2.251575949669318,0.5868088141001727,-0.3211429994701126,0.10195848602316512,0.6073068208750318,0.3771871046909271,2.1238303058404524,-0.6265832121706608,0.07346372052411372,0.9906551109165455,-0.8882784144437914,-0.8191035531792561,0.764506717882038,0.2976927516705881,0.7178806161254002,-1.1923050984365327,0.8108932739528004,-0.1610573492906579,0.14994137333327112,0.46565875439026583,-1.055424991042883,0.6699725764494315,-0.6868809614553478,0.8499649531735683,-0.629509675275429,0.5760976345474641,0.06568430132021841,0.06657112122589055,-1.162123037333037,-0.12097717840308699,-0.45241905155826784,-0.3616946159791718,0.9777334104378894,-0.7230939437452912,0.21035976299122006,-0.046773562502708116,-0.06732650285439205,0.47301053415845723,-0.0327467876549012,0.4359562057356903,-0.26853294301195013,-0.4858223977451609,-0.13183918263160613,-0.4387205740127575,0.04513856059771186,-0.0023290206442825173,0.054767096776202714,-0.21783897844061442,0.18781532812833746,-0.0853927832314626,0.08120360849129588,-0.19503556702939406,0.3447915443686477,0.3034567577884064,0.08903957541168245,0.09397131467907462,-0.022079734272062765,-0.03324133281873948,-0.008499963552932657,-5.938175298703108e-16,AH
1.1333876568734014,-0.69316480328519,2.530276859484403,-0.4457258898752657,-2.746450037913113,-1.065837328095816,2.6521161282999732,0.46317134307632923,-0.548774148739652,-2.3250886389251915,1.130309111564366,0.3987809926520335,-0.5905469306241206,2.4235180060713564,-2.9043953814492833,3.140665947061765,-1.7033045688324147,-1.879617829364759,-0.03732019168122079,-2.1727837241725965,0.7518838266272905,1.6192877622250414,-0.23253189064848884,0.08943190295652408,0.2465455457372348,-1.558083124548343,2.151448739418508,0.9580804260942124,0.5592007040463434,-1.4376293107426357,0.206765184928418,0.04822205417008077,-0.016586749961775796,0.2701312107911336,0.5888649027553639,-0.06788679358362612,0.1564014926740423,0.8909375320464105,0.11247811039001987,0.0546335704706849,0.634365021199087,-0.3193706665466966,-0.14024781423001711,0.3370299824701071,0.08603640061807437,-0.40158040255564087,0.6362627479439549,0.2809774940391116,-0.05906966195473422,0.29467747407065054,-0.38012811955686154,0.21822281670492671,-0.44446870725772086,-0.06467998261554068,-0.10687144905298052,-0.10383232228876985,0.1621899911175597,-0.16610925017705283,-0.06419149836105989,-0.0018531058286500382,0.31353344172593167,-0.06310718332108685,-0.06218446792214811,0.01846711854212152,-0.026357375058563212,0.020848839177615344,0.012823841403405895,0.009249682480855368,-0.006075825255048586,-1.1072956787594457e-15,AH
1.6911444263800226,0.9011147320937595,1.575527057236412,1.0300760315370487,-1.9895121184844684,0.36964315993985614,0.578849714571968,0.3365473633184094,0.33920760757937196,-1.5154615205953537,-2.0909630047435295,-1.0597581485247418,-1.4740468024680644,-0.6264397040011367,-1.3528372399278088,1.1025101979027476,-0.18138703855390478,-0.7998388905504041,0.906938192574947,0.1456738737073088,-0.5522027376738315,-1.670558757185061,-1.0913025213366911,1.1294750534902578,-1.214979958123557,0.4076814543451558,-0.28599677149067787,-0.7640122148857125,0.10081557059070319,0.5780715784633258,-1.5081236207502058,-1.1485390656386203,0.08780961538866773,-0.387022339003403,0.3382094287212023,-1.1084471335410042,-1.035928852770366,-0.716721984545167,0.5794408970794049,-0.49594104084451834,-0.18302221457082535,-1.1370012438286827,0.18111149738631194,0.013086203017047862,-0.3764075048679451,0.03769783538869097,-0.1690230473320301,0.27024716830539025,0.36358574742343525,0.5231728737770537,-0.18378317335777666,-0.576876570665574,-0.34757991334370125,0.134998049403656,-0.1377018012967445,-0.1619224380175654,-0.2737847477459296,-0.11311476477601119,-0.05532818321500675,-0.19896949206451128,-0.39280310765108145,0.05935079188801827,-0.2180490582089301,0.006063180309700197,-0.18062766099352934,0.006797747621994185,-0.07729816933640177,0.03465799250910988,-7.486331474570868e-4,-2.4687283467494936e-16,AH
0.8465112549691793,-1.3539864776186208,-0.0748227828388445,-1.1366297076070622,-1.7486482510033399,0.6432549271532132,2.9704642071017116,-1.1611580423325174,0.8239829173241953,0.4538771315772233,-1.1326251906694758,1.9552528530899629,-0.9801154113763406,-0.6376571348292366,-0.03597339999249998,-1.289841954537505,2.0132538916638496,-0.32126207905671283,-0.2779448505792918,0.34978870997134626,-1.1996128475887817,1.2960469451352854,-0.6631720132736977,2.160965418591115,-0.6899024999125063,0.5696750414845023,-0.25226223081017124,0.3428818291655629,-0.3492512027779027,0.6559922685027985,0.7150711458579687,0.24783117811001673,-0.20084455450648608,-0.26852070929329375,-0.7602203754203688,-0.3556243917671426,0.48234468698366934,0.5294833955981939,0.5022709493631198,0.4087918215017836,0.8127662271989966,-0.40477252668971125,-0.3886764763728881,-0.4406641637543368,0.45642890449254364,-0.7051389265339322,-0.6369084845722267,0.3841931406195837,0.3586193059432153,-0.40879570572086343,-0.08164284188724287,0.3524722909856,-0.10596304548957991,0.2793076130759247,0.456953561531433,0.20402029318226972,0.006683229690618592,0.35064449127309666,-0.05754777397419726,-0.131800316274672,0.04985061816144072,0.016894812307784914,-0.09887170186174596,-0.06436509267142008,0.12209276226653049,0.03915113273888016,-0.024751535379350362,0.08834634285743827,-0.05157877882008076,-1.4972832002024816e-16,AH
2.4800875221147054,0.08620428340349022,1.2952646330950295,-2.699598617668546,-0.2940804565241162,1.0868065499813169,0.5631836469114966,-0.7161901184611609,-1.500464231041607,1.5883553687130942,-0.5704594139796844,0.4213430476535923,-1.991919228617429,1.57848406158519,-0.23732049719390536,0.25812006112224,-0.2710658876600599,0.1974673368299968,1.2560434114505403,-1.7996444827704359,1.3935216239536967,-0.4068450272079001,-1.4180382116232797,0.665028181246601,-0.7352506712772561,2.9656814983363207,0.1457537004509377,-0.5738004189606136,1.3481398979527563,-1.0002532983706875,-1.401397203406985,-0.716680985003742,0.3455280015404007,-1.560339037844228,-5.0141683770631336e-5,-0.10749737221399272,0.3180483348530618,0.7525933189623573,1.1571318304219844,0.22919028853217813,-0.9586014857975724,0.40650848147456636,-0.12495904639240762,-0.07685898939423046,0.4210223491504344,0.5447575053137235,-0.022278162014786607,-0.7285637595579069,0.07543597221963917,-0.021219594224583242,0.11585162895461908,-0.08718463557845152,-0.048608589019283444,-0.16138403077769087,0.14385495784722221,0.20683388405092318,-0.2574851084681041,0.20592359715665512,0.1024296456802182,0.09725956923478393,0.10202125355305809,0.019841092607130767,0.14081458686629897,0.15825483953796338,0.13913524110451736,-0.05507873324158602,0.04455659194993533,-0.01296002889693312,0.012778238698352373,-4.1340628836872284e-16,AH
0.9844914899653529,-1.2083255130484543,-3.4727249664472284,-0.7494510367232674,-0.954006672139624,-0.9940763507470786,-1.3427493295476083,-0.15763305162874586,0.32083173602565707,1.15394908971112,-0.5149032002111606,-0.7539665418066203,1.673786093036553,-0.7120754609306393,-0.08563928077821868,-0.32310031922526616,-1.3208012651026175,1.0800196341353998,-0.15605949477172615,-0.12962710724757248,-1.0816126473818928,0.33919474553520157,-0.88705020706636,-0.30847404948880347,-1.2120571755625875,-0.4452222365392164,-0.35573528933211096,-1.162356304982774,0.4644683346578177,0.31623089078052385,0.18013815972838948,0.5655351112333453,0.6988896728667894,-1.258652830373316,0.5998936193334586,-0.6274828906802398,-0.5883035415207009,0.4971559083095147,0.4249040487592788,0.2838418623013638,0.4079468281896372,-0.15291530788320706,0.60589326027755,1.1195658969291842,-0.24204139713331524,-1.2969296463894688,-0.15752247601427352,0.36071290629376457,-0.6200017567508858,0.3132533149214199,0.10416234465612433,-0.10103993343189233,0.11070089962231461,0.33959576203361064,0.23559582161489254,-0.05720843546285978,0.20836308495143563,-0.2918989450848437,0.46069960577542424,0.04524550990612045,-0.07060807785033792,-0.15977372179776556,-0.13389042721421496,0.1850181472603923,0.07985483428077214,-0.06728075742500746,0.06831352949911101,-0.08383279796257945,-0.018816745484616912,-3.3707845542574333e-16,AH
-0.10171224165995361,-1.8315401543451049,-3.680970932336298,-1.5547465785949086,-0.7987739429891895,3.837596275503479,-0.5415145795521659,-0.28054653995303624,0.9223087900454647,3.4909716784406006,1.6095189931026717,0.5704997460088894,-2.7601841553791218,0.23023516409351358,0.3370732925171415,-3.775606929831235,-1.6805693415447283,-1.4639092003476486,0.19855326734126832,0.30804154023079655,0.8299153570617452,-0.6492019916140492,0.6850366549552096,-2.0143074577012845,-0.6077686628714805,-0.23683299668958652,1.5256791902763502,0.6442830376510349,-0.09112913451770972,-0.28416894973206536,-1.1919235335646656,0.3843797892919713,-0.8232692337438406,0.8033885813561878,0.6294820895596399,0.8111158267326283,-0.09946809429597982,0.6003912460331695,0.5953523141999079,0.3394851590786644,0.8425983030212758,-0.11145410568590905,-0.3390463998615507,0.3276542895431939,0.0486692636651303,0.39742096359338097,0.06913242326763776,0.578074639100179,-0.2317017836634434,-0.27977044537411205,-0.20386954928248868,-0.2180430715372199,-0.13374958461663322,0.07448335702593546,0.15940154514591837,-0.08876870330730868,-0.24384509827597337,0.04590399988566936,0.022033243847259673,0.25162959340716445,-0.08104928993772446,0.07250422452695729,-0.10852965272591161,-0.0714421668018224,-0.09890051758369275,0.03242959497349843,-0.040255304003811,-0.0350878775407361,-0.0051802472040287095,-1.9136168344369153e-16,AH
2.0940945036544685,0.602499707669091,-0.32830161264308966,2.1588528411092422,2.4617779262257433,-2.832363554179359,1.6514923033051723,0.1845709368603567,2.107322606317436,0.08920988578285038,-0.3285389604332721,-0.2778594878602789,-0.6713924446328158,1.3977811648829332,-1.1264942772810294,-1.3691224603953729,1.7800634175231873,1.4648347496017915,1.2640431480713952,0.0373810990424717,-0.21524734481545799,-0.548732349144055,-0.39270141749365595,-1.4974298495667908,0.12808694303166548,0.46121267557975415,0.7424122096222272,0.12440975542090127,-0.41466296248249684,-1.7269568122983858,0.25941415283345504,0.18769817244874726,-0.8569263830943012,0.225286198089715,-1.6490813346212414,0.2990666475953588,-0.05344961708167256,-1.5995568688931732,0.12028382735468465,-0.1874301671254949,0.2382713502862671,0.022755263810561647,-0.28631573352308765,0.9570403663733363,-0.804285229294289,0.30649814522601354,0.2011795019370195,0.5935973868670725,0.784496666711211,0.029764440775118216,0.2671274165511458,-0.025655075030532222,-0.1334926392913318,-0.26963930039053424,0.06993294711470378,0.2246591316496574,0.038227219918877606,-0.0580591377864703,0.03452498955778385,-0.07169970989017774,0.038070555302264636,0.017314300785690684,-0.2503594920843728,0.17226733485524937,0.1482365937671352,0.09223226664342626,0.03311684688969975,-0.009903213881487235,0.008081507281182801,2.2497195079074217e-16,AH
2.9285575508759885,0.5175496749462025,-2.527119707193574,-0.934981979966476,-1.4339541574345214,-0.372545372371731,-0.5693679556087307,-0.4080810607936134,0.6207614516104958,-0.9623044585767621,-0.4008686523940187,0.7684731448750083,-1.4798277249124447,-0.6924754684502076,-0.7170400393838462,1.227629464330626,-0.6113159096191831,0.3292029764296565,-0.26088340132879334,-0.09548028982536558,0.5293248984755387,1.0094116843320964,-0.36218404250713737,0.35775255504359554,0.15762091594235075,-0.8606559609996356,-0.2750483752168833,-0.7443460540232445,-0.8964159907107194,0.25004113802110073,0.22831207951816945,0.25005578347933066,-0.946674701394591,-0.15667554486853053,-0.7005444467064693,1.0998890012593991,0.8047267882290131,0.11641598495305665,-0.7745261953869048,0.7342473350943485,-0.3056967646891343,0.07127122693548948,-0.5425437531719622,0.17754209818942152,-0.48015500080945733,1.2581211648304753,0.24437885488871736,-0.38922104657440887,-0.35406683487536267,0.4002621437212263,0.11372027390748844,0.1881707147364723,0.14582474366175344,0.42960141793104983,-0.058145809009606836,0.6964900639617831,-0.39935738490385325,-0.1871627370750534,0.2095903318674249,-0.5677946891812957,-0.08828490279640755,-0.03190905572360578,0.03351345365328637,-0.11645074852829981,-0.06137166721703205,-0.0437851870633057,9.657478404719311e-4,-0.07788885976893076,-0.021967509858228818,-8.43617710410971e-16,AH
0.47730540467450755,-1.8659968370031215,-2.0116258981530115,0.267505846077094,-0.8662029988458503,-3.017742041387794,0.7432577126490043,-1.5426689061064016,5.659281049321377,-1.9593420656387521,-2.447428652189205,-1.08612358117424,-1.1181343569455418,0.0754657138050508,-0.7381293989020076,-1.8267752171503187,-0.03684746129329655,-0.9839740004937634,-0.01836919277413869,-3.185534386384249,-0.7623783691214565,0.09872421781474065,0.39116151942097965,-1.1653273853884867,-0.42931641112376095,-0.5289449990086553,-1.0709504732936594,-1.1181563825293286,0.9021451554372188,1.2920882272935437,-0.36940146919901606,0.5890280459577469,-0.19802599283274108,-0.2795614587078955,-0.3060331267386235,0.6637179314324554,0.23629421864171735,-0.17522894600263658,-0.027152608493488967,-0.037138491169717826,-0.06661866204801463,0.3617992478554815,-0.20208317694395403,-0.6273093647749953,0.3353316934070419,-0.012828014539166072,-0.2306478080199778,-0.3769908996127974,-0.2989847352649477,-0.4436215965066569,-0.00811090619644228,0.34679883132486816,-0.0691122049025038,0.11700636245496415,-0.20634768143920612,-0.5788406446462983,-0.0963676471893707,-0.22051699702117114,-0.30902491791363473,0.005977823808693793,0.044093869933341204,-0.004012086968379132,0.1627041135474664,0.13047644291043858,-0.015390390210917966,0.042342412552646674,0.005993358475456345,6.123182999472516e-4,0.009373055392184582,6.413055850251759e-16,AH
2.2046492961019752,1.2265832691543586,-1.7559285920504162,0.2592757067234133,-0.7370968081535778,1.290286489429296,-1.7226951605019556,0.23066549390056645,-0.892763962535406,0.7804348887208772,-0.9006379554886785,-0.4814145163456811,-0.385854714529828,-1.2149320256416538,-0.1375923348940973,0.41956570516801645,0.3767730865596997,1.4663951403058553,1.344918804163924,0.1732138798114046,0.41485777251557,1.0779392158521828,-0.04168193528994138,1.8528570674505263,1.0822216288099498,-0.10788423966894325,0.03287176301946159,-0.4993342254583145,-1.7928204291571317,0.10230776906755049,-0.7479838911766278,-0.5043094496315438,-0.6062088177163422,0.31696719241472454,0.4069375260361917,1.4206481701639742,-0.1309048566872595,0.1376888721309396,-0.35762138506032665,-0.49009689956837493,-0.5239904214547104,-0.11104071076157422,-1.1991749132927163,0.5645754706790057,-0.11177888220595235,-0.9438168508328247,0.28097899667570203,-0.7544821917937705,0.19736221338596768,-0.4329276399601541,-0.045775565474295815,-0.30428972177615526,-0.16022952829318077,0.10731945474567706,0.5137579708714086,-0.14911216605363703,0.2332312226235675,-0.4814506779503268,-0.5331371830156979,0.1916087979316648,0.15054063709610285,-0.02017159337611114,-0.08426981968301861,6.195897704702885e-4,0.05456979247334565,-0.046877122530018814,-0.044775498629236216,-0.006906113839397165,0.014968697573422896,2.1109416298292771e-16,AH
2.02752482657217,-0.034551903866855666,-3.5079945449541694,1.1294552645470395,-1.9014029270490413,0.17367725951995178,-2.1500390373477285,0.274252222991119,1.3822115659258678,2.3748389486158255,-0.08933619664341674,-0.6992052169922305,-0.03554262812236939,2.3263711920352654,-1.4009404968755397,-0.075275132665485,0.1722293382953364,-0.8961692844680235,-1.4075049299420546,1.989752967428318,0.05797815561783191,0.04110521741012719,0.6358269657090727,-0.9870890640889735,-0.6549736130449544,0.18442088383282465,-0.5136184969254253,0.4877780050521244,-1.0026987337268727,-2.3316240570894604,-0.3441390815986269,-0.31097186438601676,0.8604041272298544,-1.070379870561248,-0.9338808089966315,-0.2609696681633989,0.7345898741687559,0.3209205296514423,-0.8838525601925279,-0.03577392882800019,-0.073839772414826,0.15249703798030373,0.7424127387427875,-0.36205154073904533,0.8764913615498198,-0.6343861055935336,-0.001156798395142905,-0.6144879198292759,0.22503308170824599,0.2597470683935729,0.48600969794002996,0.06792509473414832,0.16622440230023341,0.18309198901520368,0.05924055897922599,0.020935600316717692,-0.01438349702496473,-0.18451080473504747,0.0529003034728219,-0.1412987454849628,0.003902959655713285,-0.1217720558555732,-0.054567893508849254,-0.05295338815610981,-0.12350970353039198,0.03141556639512895,0.0071098264712632225,0.11998994992727968,0.019532668199861755,-1.0809495659680479e-16,AH
3.0934506166206295,0.9545496029286169,-2.068755896988718,2.6046090623858436,0.11678237973226141,2.736520221598173,-1.166726082350361,-0.2802598806098844,0.5199651850843781,-1.7208248653794724,-0.6272787428371939,0.6720705056811528,1.2241645167196031,0.8170846103512831,-0.18240699589581896,-1.120485931998806,-1.4560693416442654,0.26293355038785005,-0.25285157739704395,0.33469254688396965,-0.2582806648053966,1.6733336514150035,-0.7350366347298897,1.169373223686467,1.7175395957813275,2.1813680534184288,0.1279246049420512,-0.17535956551336684,0.3548845239843802,-1.0612954945079276,0.4084718577609959,0.06266930685675662,-1.0520819604267047,0.3773236150465278,-1.0926984087263265,-0.9474900683789235,-1.1506932592209482,-0.06418656475450621,0.41944504473156474,1.1794066929300178,0.04354733140051564,-0.6557095252451806,0.28138309095855407,-0.5458351769648027,-0.7490683365717781,0.6005981110491585,0.30685901247946834,0.04904405228966454,-0.88893523367939975,0.3034872201525778,0.509887328465801,0.18373895551231012,0.33179884850274943,-0.2194189521184634,0.043207047168554835,-0.38412503091948785,0.39349231520836947,0.04094038869681578,-0.15251493778487202,0.1567447019720971,0.011056784416924377,-0.06139734812046785,0.08877068034988633,0.021489766391486087,-0.06967364199555418,0.02290677875079636,-0.036063287562237506,0.0033358317736414123,-0.010858102333027697,-3.2786273695961654e-16,AH
